Camera Name,Count (Professional Cameras),Count (Non-professional Cameras),Tag Name,Count (Professional Tags),Count (Non-professional Tags)
NIKON CORPORATION D810,85,115,flowers,1027,1503
NIKON CORPORATION D90,284,461,garden,994,1503
NIKON CORPORATION D5100,165,279,house,988,1529
NIKON CORPORATION D800,133,192,nature,1016,1489
NIKON CORPORATION D3,26,29,sky,956,1537
Canon EOS 5D Mark II,318,471,dog,972,1507
Canon EOS 7D,320,470,orange,1019,1468
Canon EOS-1D X,26,34,day,997,1527
Canon EOS-1D Mark IV,13,25,purple,978,1520
NIKON CORPORATION D7200,100,150,art,1000,1478
NIKON CORPORATION D5200,86,135,arizona,980,1528
Samsung Techwin <KENOX S630  / Samsung S630>,2,1,farm,962,1530
Panasonic DMC-G3,14,9,snow,926,1495
NIKON CORPORATION D850,45,62,car,963,1495
Panasonic DMC-FZ1000,33,19,bar,1027,1498
SONY ILCE-7RM2,47,70,river,529,821
SONY ILCE-7R,22,37,bridge,988,1484
NIKON CORPORATION D810A,1,1,music,1015,1466
NIKON CORPORATION D800E,32,41,shop,1006,1531
Canon EOS M,16,18,,0,0
Canon EOS 5D,85,145,,0,0
Canon EOS 6D Mark II,29,38,,0,0
Canon EOS 6D,257,374,,0,0
NIKON CORPORATION D200,77,130,,0,0
NIKON CORPORATION 1 V3,2,1,,0,0
NIKON CORPORATION D610,74,102,,0,0
NIKON CORPORATION D5000,106,151,,0,0
NIKON CORPORATION D70,63,102,,0,0
NIKON CORPORATION D750,176,232,,0,0
Apple iPhone 12 Pro Max,2,2,,0,0
SONY ILCE-7M3,28,35,,0,0
Canon EOS Kiss X5,8,5,,0,0
NIKON CORPORATION D600,76,112,,0,0
FUJIFILM X100T,14,24,,0,0
RICOH IMAGING COMPANY,101,116,,0,0
LTD.   PENTAX 645Z        ,1,0,,0,0
NIKON CORPORATION D500,61,72,,0,0
Canon EOS 5D Mark III,283,386,,0,0
Canon EOS 5DS R,9,29,,0,0
SAMSUNG NX mini,1,1,,0,0
samsung SM-G950F,6,11,,0,0
Canon EOS 700D,85,109,,0,0
Canon EOS 550D,126,196,,0,0
samsung SM-G800F,1,1,,0,0
Canon EOS 5D Mark IV,64,115,,0,0
Canon EOS Kiss X4,11,12,,0,0
PENTAX              PENTAX K-5         ,2,4,,0,0
PENTAX PENTAX K-5,41,57,,0,0
NIKON CORPORATION D7000,285,434,,0,0
NIKON CORPORATION D3100,170,276,,0,0
FUJIFILM X-T1,53,88,,0,0
FUJIFILM X-E1,22,36,,0,0
NIKON CORPORATION D40X,61,86,,0,0
SONY NEX-6,17,26,,0,0
Canon PowerShot SX50 HS,42,43,,0,0
Canon EOS 70D,159,231,,0,0
Canon EOS Rebel T6,15,15,,0,0
Canon DIGITAL IXUS 80 IS,9,15,,0,0
GoPro HERO4 Silver,2,0,,0,0
NIKON COOLPIX P600,7,8,,0,0
NIKON COOLPIX P900,20,31,,0,0
FUJIFILM X-T2,32,62,,0,0
Canon PowerShot SX60 HS,21,29,,0,0
SONY SLT-A77V,34,53,,0,0
LG Electronics LG-D855,4,8,,0,0
SONY DSC-HX60,4,8,,0,0
SONY ILCE-7RM4,6,14,,0,0
SONY ILCE-1,2,3,,0,0
Apple iPhone 5c,19,24,,0,0
SAMSUNG GT-S8600,1,0,,0,0
FUJIFILM FinePix A700,1,1,,0,0
Apple iPhone SE,22,32,,0,0
Apple iPhone,34,30,,0,0
Canon EOS 20D,82,112,,0,0
samsung SM-N9208,1,0,,0,0
Canon EOS 60D,238,349,,0,0
Canon EOS REBEL T3i,117,183,,0,0
FUJIFILM IS-1,1,0,,0,0
Panasonic DMC-LX3,13,24,,0,0
NIKON CORPORATION D7100,213,317,,0,0
FUJIFILM X-Pro1,16,27,,0,0
Canon EOS 1100D,59,107,,0,0
SONY ILCE-3000,7,8,,0,0
NIKON CORPORATION D3200,150,226,,0,0
LTD. PENTAX K-S1,1,0,,0,0
SONY SLT-A65V,18,35,,0,0
SONY SLT-A55V,13,25,,0,0
SONY ILCE-6500,7,3,,0,0
NIKON CORPORATION D4,13,23,,0,0
NIKON CORPORATION D300S,50,73,,0,0
LTD. PENTAX 645Z,1,2,,0,0
NIKON CORPORATION D5,7,12,,0,0
NIKON CORPORATION D700,122,195,,0,0
GM Discovery Elite,1,0,,0,0
OLYMPUS IMAGING CORP. E-M1,50,72,,0,0
samsung SM-G935F,5,9,,0,0
Canon EOS 80D,64,87,,0,0
LTD. PENTAX K-1,12,16,,0,0
SONY DSC-RX10M4,5,8,,0,0
Apple iPhone 6s,44,55,,0,0
Apple iPhone X,13,18,,0,0
NIKON CORPORATION Df,15,15,,0,0
LTD. GR,13,18,,0,0
OLYMPUS IMAGING CORP.   E-P1            ,2,0,,0,0
Panasonic DMC-G1,8,20,,0,0
FUJIFILM FinePix HS30EXR,7,7,,0,0
NIKON CORPORATION D5300,79,129,,0,0
SONY ILCE-6000,90,152,,0,0
SONY NEX-3,6,10,,0,0
Canon IXUS 210,1,1,,0,0
NIKON CORPORATION D80,200,290,,0,0
FUJI PHOTO FILM CO.,42,60,,0,0
LTD. SP-2000,13,21,,0,0
Apple iPhone 6,70,110,,0,0
Apple iPhone XR,9,8,,0,0
FUJIFILM FinePix F810,3,2,,0,0
SONY DSC-RX100M3,20,25,,0,0
Canon PowerShot S1 IS,6,8,,0,0
SONY DSLR-A550,12,10,,0,0
SONY DSLR-A100,35,42,,0,0
SONY ILCA-68,4,5,,0,0
Apple iPhone 8 Plus,12,23,,0,0
Canon DIGITAL IXUS 850 IS,7,2,,0,0
Canon EOS 450D,119,166,,0,0
Canon EOS 40D,134,216,,0,0
NIKON CORPORATION D7500,20,31,,0,0
NIKON COOLPIX L810,6,7,,0,0
NIKON CORPORATION D3300,83,126,,0,0
FUJIFILM FinePix S2000HD,4,2,,0,0
Canon EOS 30D,66,98,,0,0
Canon EOS 50D,118,173,,0,0
Leica Camera AG LEICA M (Typ 240),12,18,,0,0
SONY NEX-5R,14,7,,0,0
NIKON COOLPIX P520,7,10,,0,0
SONY NEX-3N,3,6,,0,0
SONY ILCE-7M2,51,74,,0,0
SONY DSC-W55,11,25,,0,0
SONY DSLR-A300,12,14,,0,0
Panasonic DMC-FS37,1,0,,0,0
NIKON CORPORATION D60,92,141,,0,0
NIKON COOLPIX S9100,5,3,,0,0
KONICA MINOLTA DYNAX 7D,3,6,,0,0
PENTAX PENTAX Q7,1,2,,0,0
SONY  DSLR-A300,5,6,,0,0
LGE Nexus 4,4,2,,0,0
SONY DSC-HX400V,12,10,,0,0
samsung SM-G975F,1,0,,0,0
Canon EOS 650D,41,57,,0,0
NIKON E8700,6,9,,0,0
NIKON COOLPIX S5200,1,1,,0,0
OLYMPUS IMAGING CORP. E-M5MarkII,31,42,,0,0
Apple iPad,3,10,,0,0
samsung SM-G900H,2,1,,0,0
SONY DSC-H90,2,3,,0,0
NIKON COOLPIX P530,5,4,,0,0
NIKON CORPORATION D3000,84,122,,0,0
Canon EOS REBEL T1i,63,108,,0,0
SONY DSC-QX10,1,2,,0,0
SONY DSC-HX50V,3,4,,0,0
Canon EOS REBEL T2i,116,137,,0,0
NIKON CORPORATION D300,145,202,,0,0
Apple iPhone 5,54,84,,0,0
Apple iPhone 3GS,14,18,,0,0
OLYMPUS IMAGING CORP. XZ-1,7,7,,0,0
Canon PowerShot SX260 HS,8,16,,0,0
NIKON COOLPIX B700,3,3,,0,0
LTD. PENTAX K-3,29,32,,0,0
LTD. PENTAX K-3 II,11,8,,0,0
Canon EOS 7D Mark II,128,161,,0,0
Panasonic DMC-TZ3,13,24,,0,0
NORITSU KOKI QSS-32_33,19,35,,0,0
"CASIO COMPUTER CO.,LTD EX-Z750",3,2,,0,0
FUJIFILM FinePix XP90 XP91 XP95,1,1,,0,0
Canon PowerShot SX510 HS,2,10,,0,0
NIKON CORPORATION D3400,23,31,,0,0
Canon PowerShot A520,7,13,,0,0
NIKON CORPORATION 1 J5,3,1,,0,0
Canon EOS 750D,10,38,,0,0
SONY ILCE-7RM4A,1,1,,0,0
SONY ILCE-6300,17,28,,0,0
SONY ILCE-6600,2,1,,0,0
Panasonic DC-FZ82,2,5,,0,0
Apple iPhone 7 Plus,24,32,,0,0
samsung SM-G973F,3,3,,0,0
SONY DSLR-A580,9,9,,0,0
Canon EOS 1300D,15,21,,0,0
Canon EOS-1D X Mark II,11,24,,0,0
SONY ILCE-9M2,2,4,,0,0
Google Pixel 4a (5G),1,1,,0,0
NIKON CORPORATION D70s,36,71,,0,0
SONY ILCE-7RM3,21,37,,0,0
SONY DSC-W690,2,0,,0,0
LG Electronics LG-H815,3,2,,0,0
SONY DSLR-A230,8,10,,0,0
SONY ILCE-6400,5,3,,0,0
Panasonic DMC-LX100,13,16,,0,0
SAMSUNG GT-I9082,1,0,,0,0
SONY ILCA-99M2,6,4,,0,0
FUJIFILM X-T30,3,2,,0,0
Microsoft Lumia 950,1,2,,0,0
Canon EOS M6,2,6,,0,0
FUJIFILM FinePix J30 J32 J38,3,2,,0,0
FUJIFILM X100S,16,41,,0,0
SONY  DSLR-A350,5,2,,0,0
FUJIFILM X-H1,5,8,,0,0
Panasonic DMC-FZ20,6,9,,0,0
Canon EOS 350D DIGITAL,80,147,,0,0
OLYMPUS IMAGING CORP. E-M5,54,88,,0,0
Canon PowerShot A4000 IS,3,0,,0,0
Panasonic DMC-GX7,11,19,,0,0
OLYMPUS CORPORATION E-M1MarkII,22,46,,0,0
Canon PowerShot S5 IS,31,46,,0,0
Apple iPhone 11 Pro Max,5,7,,0,0
Leica Camera AG LEICA M10,3,9,,0,0
NIKON CORPORATION D40,127,189,,0,0
OLYMPUS IMAGING CORP. E-510,14,32,,0,0
Canon EOS 400D DIGITAL,153,202,,0,0
SONY DSC-HX9V,6,10,,0,0
LEICA D-LUX 4,6,5,,0,0
Canon EOS DIGITAL REBEL XTi,126,204,,0,0
Canon PowerShot G16,10,16,,0,0
LG Mobile VS986,1,0,,0,0
Canon HV20,2,0,,0,0
PENTAX PENTAX K200D,6,14,,0,0
PENTAX Corporation PENTAX K100D Super,6,8,,0,0
Panasonic DMC-FX12,2,2,,0,0
NIKON COOLPIX P80,6,7,,0,0
EASTMAN KODAK COMPANY KODAK EASYSHARE M550 Digital Camera,2,1,,0,0
OnePlus ONEPLUS A5000,2,0,,0,0
SONY DSC-RX100,38,59,,0,0
OLYMPUS CORPORATION PEN-F,10,14,,0,0
OLYMPUS IMAGING CORP. E-PL6,3,3,,0,0
SONY DSLR-A500,7,6,,0,0
SAMSUNG SAMSUNG WB650 / VLUU WB650 / SAMSUNG WB660,2,1,,0,0
Canon EOS REBEL SL1,12,22,,0,0
Canon EOS Rebel SL3,1,1,,0,0
Canon EOS 90D,3,14,,0,0
COOLPAD Coolpad E501,1,0,,0,0
SAMSUNG GT-S6310N,1,0,,0,0
Samsung Techwin <KENOX S760  / Samsung S760>,2,4,,0,0
FUJIFILM X-E3,4,6,,0,0
Panasonic DMC-TZ70,6,7,,0,0
SONY SLT-A57,13,11,,0,0
LG Electronics LG-D802,1,2,,0,0
OLYMPUS IMAGING CORP. E-P5,7,10,,0,0
SAMSUNG NX1,2,4,,0,0
OLYMPUS IMAGING CORP. E-M10,40,37,,0,0
Canon EOS DIGITAL REBEL XSi,90,148,,0,0
Canon EOS REBEL T4i,22,49,,0,0
OLYMPUS IMAGING CORP. uTough-8010,1,0,,0,0
OLYMPUS IMAGING CORP.   uTough-8010     ,1,0,,0,0
Canon EOS REBEL T5i,26,52,,0,0
Canon PowerShot G7,9,24,,0,0
RICOH       GR DIGITAL 2   ,2,1,,0,0
PENTAX PENTAX K20D,18,13,,0,0
NIKON E4300,6,7,,0,0
NIKON CORPORATION 1 V1,8,7,,0,0
Canon PowerShot A75,9,9,,0,0
FUJIFILM FinePix S5700 S700,19,24,,0,0
LTD. PENTAX K-S2,6,7,,0,0
samsung SM-G928V,1,0,,0,0
NIKON E3100,5,8,,0,0
Canon PowerShot SD550,9,4,,0,0
NIKON CORPORATION D50,89,133,,0,0
SAMSUNG WB350F/WB351F/WB352F,2,1,,0,0
FUJIFILM X-T10,15,21,,0,0
SONY DSC-RX100M5,5,5,,0,0
Apple iPhone 7,28,45,,0,0
LG Electronics LG-H870DS,1,0,,0,0
samsung SM-G930T,2,0,,0,0
Canon PowerShot A590 IS,10,20,,0,0
Canon EOS REBEL T3,61,57,,0,0
Canon EOS Kiss X7,3,4,,0,0
Apple iPhone 4S,52,90,,0,0
Canon PowerShot G10,21,38,,0,0
Canon PowerShot G9,20,41,,0,0
NIKON COOLPIX L620,1,0,,0,0
Canon EOS M5,2,10,,0,0
PENTAX PENTAX K-50,14,15,,0,0
OLYMPUS IMAGING CORP. E-P1,7,11,,0,0
FUJIFILM GFX 50R,2,2,,0,0
SONY DSC-RX10M3,8,14,,0,0
Canon EOS 1000D,60,90,,0,0
SONY DSC-R1,6,13,,0,0
Canon PowerShot G1,1,3,,0,0
PENTAX PENTAX Optio RZ10,2,0,,0,0
Canon EOS 300D DIGITAL,17,37,,0,0
Panasonic DMC-FZ50,11,15,,0,0
Panasonic DMC-LF1,5,6,,0,0
SONY DSC-RX100M2,12,14,,0,0
LEICA CAMERA AG LEICA SL (Typ 601),3,6,,0,0
Canon EOS 1200D,23,48,,0,0
FUJIFILM FinePix HS10 HS11,9,12,,0,0
SONY DSLR-A700,15,25,,0,0
Motorola XT1032,3,1,,0,0
SONY DSC-HX5V,8,6,,0,0
Panasonic DMC-ZS5,3,1,,0,0
Canon EOS R5,13,9,,0,0
Canon PowerShot SX100 IS,16,17,,0,0
Canon PowerShot SX150 IS,8,11,,0,0
Panasonic DMC-TZ57,1,0,,0,0
SONY NEX-7,17,20,,0,0
Panasonic DMC-TZ40,6,11,,0,0
samsung SM-G920F,4,13,,0,0
Canon EOS 600D,158,203,,0,0
Panasonic DMC-TZ1,6,11,,0,0
PENTAX PENTAX K-30,11,24,,0,0
Canon EOS RP,6,2,,0,0
Canon EOS DIGITAL REBEL XS,51,84,,0,0
FUJIFILM FinePix T200,1,0,,0,0
FUJIFILM FinePix S8500,2,1,,0,0
Panasonic DMC-FZ5,11,8,,0,0
Canon PowerShot S400,4,10,,0,0
EASTMAN KODAK COMPANY KODAK DX7440 ZOOM DIGITAL CAMERA,3,4,,0,0
LTD. PENTAX K-70,8,6,,0,0
Canon PowerShot ELPH 300 HS,2,5,,0,0
Canon PowerShot G15,11,20,,0,0
Canon EOS 100D,36,49,,0,0
"OLYMPUS OPTICAL CO.,LTD C3040Z",2,1,,0,0
Panasonic DMC-LX5,16,17,,0,0
EASTMAN KODAK COMPANY KODAK EASYSHARE Z710 ZOOM DIGITAL CAMERA,7,8,,0,0
SONY DSC-H300,5,3,,0,0
Canon EOS Rebel T6i,19,31,,0,0
Canon EOS-1Ds Mark III,13,21,,0,0
NIKON COOLPIX P7800,3,2,,0,0
Canon PowerShot SX1 IS,4,5,,0,0
Apple iPhone 5s,40,87,,0,0
Panasonic DMC-ZS50,3,4,,0,0
Canon Inc.,1,0,,0,0
Canon EOS 20D USB,1,0,,0,0
Canon EOS-1D Mark II N,4,7,,0,0
DJI FC6310,4,2,,0,0
Panasonic DMC-FX35,3,3,,0,0
Canon PowerShot S2 IS,25,37,,0,0
OLYMPUS IMAGING CORP.   E-M5MarkII      ,1,2,,0,0
NIKON COOLPIX L11,3,6,,0,0
OLYMPUS IMAGING CORP.   E-410           ,1,2,,0,0
HUAWEI VOG-L29,4,0,,0,0
OLYMPUS E-PL1,1,0,,0,0
Samsung Techwin <Samsung i85,1,0,,0,0
Samsung VLUU i85>,1,0,,0,0
FUJIFILM FinePix F100fd,3,0,,0,0
Panasonic DMC-GM5,4,3,,0,0
Panasonic DMC-GF1,9,18,,0,0
Panasonic DC-GX7MK3,1,0,,0,0
Panasonic DC-GF9,1,0,,0,0
Canon PowerShot SX30 IS,22,20,,0,0
Canon EOS 760D,11,19,,0,0
NIKON COOLPIX L1,2,4,,0,0
PENTAX Corporation PENTAX K10D,20,30,,0,0
Canon EOS DIGITAL REBEL XT,102,169,,0,0
Apple iPad Air,4,1,,0,0
Panasonic DMC-FZ72,10,22,,0,0
Panasonic DMC-TZ5,12,14,,0,0
LTD. RICOH GR III,2,6,,0,0
RICOH GR DIGITAL 2,2,1,,0,0
OLYMPUS IMAGING CORP. E-5,11,9,,0,0
OLYMPUS IMAGING CORP. E-30,3,6,,0,0
OLYMPUS CORPORATION E-M10MarkII,22,26,,0,0
motorola moto g stylus 5G,1,0,,0,0
Canon PowerShot A530,11,14,,0,0
SONY DSC-P73,3,8,,0,0
Canon PowerShot ELPH 150 IS,1,1,,0,0
Canon PowerShot A470,7,6,,0,0
Canon DIGITAL IXUS 960 IS,3,1,,0,0
FUJIFILM FinePix S5Pro,4,5,,0,0
Panasonic DMC-GX1,9,14,,0,0
SK communications Cymera,4,1,,0,0
Canon PowerShot A2000 IS,1,3,,0,0
SONY DSC-W830,6,5,,0,0
NIKON COOLPIX P510,18,36,,0,0
SAMSUNG TECHWIN Co. SAMSUNG GX10,4,1,,0,0
Canon EOS-1Ds Mark II,12,11,,0,0
Panasonic DMC-TZ20,8,5,,0,0
Panasonic DMC-FZ38,8,20,,0,0
Sony D6503,5,4,,0,0
Panasonic DMC-LZ1,2,2,,0,0
Xiaomi Mi 4i,1,0,,0,0
Nikon D800,1,0,,0,0
SONY DSC-F828,14,15,,0,0
Panasonic DMC-SZ7,1,0,,0,0
SAMSUNG GT-I9301I,3,2,,0,0
Panasonic DMC-FZ200,23,30,,0,0
PENTAX Corporation PENTAX *ist DL,3,4,,0,0
Panasonic DMC-TZ30,6,6,,0,0
Apple iPhone 13 Pro Max,3,7,,0,0
FUJIFILM X-T3,5,22,,0,0
Canon PowerShot S95,13,25,,0,0
Canon PowerShot A60,4,2,,0,0
SONY DSC-RX100M4,10,11,,0,0
Canon PowerShot S3 IS,40,69,,0,0
samsung SM-N920T,1,0,,0,0
NIKON CORPORATION D5500,35,61,,0,0
NIKON COOLPIX P90,7,8,,0,0
samsung SM-A300FU,1,0,,0,0
Apple iPhone XS,5,7,,0,0
HUAWEI BLL-L22,1,0,,0,0
SONY DSC-H5,18,14,,0,0
Canon EOS M50,4,7,,0,0
PENTAX Corporation PENTAX *ist DS,2,8,,0,0
SONY DSLR-A200,29,49,,0,0
samsung SM-A750F,1,0,,0,0
Panasonic DMC-GX8,10,11,,0,0
FUJIFILM FinePix S602 ZOOM,4,4,,0,0
SONY DSLR-A850,4,12,,0,0
SAMSUNG GT-I9300,13,14,,0,0
SONY SLT-A99V,18,16,,0,0
Apple iPhone SE (2nd generation),2,4,,0,0
NIKON CORPORATION D5600,8,26,,0,0
Canon PowerShot SD500,7,10,,0,0
Panasonic DMC-G2,9,8,,0,0
FUJIFILM FinePix S5000,8,11,,0,0
SONY ILCE-7,32,61,,0,0
Hewlett-Packard HP PhotoSmart C945 (V01.53),1,1,,0,0
Canon PowerShot SX20 IS,19,17,,0,0
Canon PowerShot SD1000,9,16,,0,0
Canon PowerShot SX40 HS,16,35,,0,0
Canon PowerShot SD890 IS,2,2,,0,0
Panasonic DC-TZ90,3,2,,0,0
NIKON COOLPIX S9900,3,4,,0,0
Canon EOS R6,5,9,,0,0
LTD. PENTAX KP,3,5,,0,0
Canon EOS R,10,14,,0,0
Canon DIGITAL IXUS 95 IS,1,1,,0,0
Panasonic DMC-FZ70,6,8,,0,0
Apple iPhone 12 mini,1,0,,0,0
Panasonic DMC-GM1,7,7,,0,0
Panasonic DMC-FZ18,16,23,,0,0
Panasonic DMC-FZ28,20,24,,0,0
DJI FC220,2,9,,0,0
Panasonic DMC-G80,6,8,,0,0
Panasonic DMC-FZ300,4,6,,0,0
SONY NEX-5T,12,11,,0,0
Canon EOS Kiss X6i,2,4,,0,0
Canon CanoScan 9000F,4,6,,0,0
Panasonic DMC-FZ150,10,15,,0,0
NIKON COOLPIX L310,6,5,,0,0
Canon PowerShot G9 X Mark II,3,2,,0,0
Hipstamatic 277,2,0,,0,0
Hipstamatic 272,3,0,,0,0
Canon PowerShot SX620 HS,4,5,,0,0
OLYMPUS IMAGING CORP. SP500UZ,4,9,,0,0
samsung SM-G981U,1,0,,0,0
FUJIFILM FinePix SL300,1,1,,0,0
SONY NEX-5N,16,30,,0,0
Canon EOS Rebel T6s,6,8,,0,0
Canon PowerShot SD1100 IS,15,19,,0,0
PENTAX PENTAX K-5 II s,13,16,,0,0
Canon IXUS 132,1,2,,0,0
Panasonic DMC-FZ30,7,7,,0,0
FUJIFILM X-S1,6,7,,0,0
FUJIFILM FinePix S100FS,4,4,,0,0
PENTAX Corporation PENTAX K100D,7,12,,0,0
Panasonic DMC-FZ35,11,16,,0,0
SONY DSC-W530,2,2,,0,0
SONY DSC-W220,5,4,,0,0
FUJIFILM FinePix X100,16,37,,0,0
Xiaomi M2101K6G,2,0,,0,0
Panasonic DMC-TZ60,15,18,,0,0
SONY DSC-H55,5,6,,0,0
SAMSUNG SM-A500FU,1,0,,0,0
SONY DSC-W40,1,2,,0,0
Canon PowerShot S500,2,8,,0,0
OLYMPUS CORPORATION E-M5MarkIII,1,4,,0,0
Panasonic DMC-ZS60,4,2,,0,0
Apple iPhone 6 Plus,22,27,,0,0
Panasonic DMC-FX07,2,9,,0,0
Leica Camera AG M9 Digital Camera,11,38,,0,0
"OLYMPUS CORPORATION u30D,S410D,u410D",5,4,,0,0
SONY DSC-H50,10,16,,0,0
NIKON COOLPIX P340,1,0,,0,0
Phase One P 40+,1,0,,0,0
Hasselblad Hasselblad H3DII-31,2,1,,0,0
Hasselblad Hasselblad H4D-200MS,1,0,,0,0
Sinar AG Sinarback 54 FW,3,0,,0,0
Sinar p3 / f3,1,0,,0,0
Xiaomi Redmi Pro,1,0,,0,0
SAMSUNG SCH-I545,4,4,,0,0
samsung SM-G930V,4,4,,0,0
NIKON COOLPIX S6150,1,0,,0,0
FUJIFILM FinePix Z10fd,3,1,,0,0
LEICA CAMERA AG LEICA Q (Typ 116),4,11,,0,0
Nokia Lumia 1020,10,10,,0,0
OLYMPUS IMAGING CORP. SP-820UZ,2,1,,0,0
NIKON COOLPIX L320,2,1,,0,0
FUJIFILM FinePix S2950,2,8,,0,0
FUJIFILM X-T20,12,23,,0,0
FUJITSU F-02E,1,0,,0,0
Canon PowerShot SX160 IS,5,6,,0,0
Canon CanoScan 9000F Mark II,5,3,,0,0
SONY DSC-S700,3,0,,0,0
PENTAX              PENTAX K200D       ,1,1,,0,0
NIKON CORPORATION D2X,11,14,,0,0
FUJIFILM X-E2,15,30,,0,0
Canon EOS 500D,68,120,,0,0
Minolta Co.,15,19,,0,0
Ltd. DiMAGE A1,3,6,,0,0
EASTMAN KODAK COMPANY KODAK EASYSHARE V1273 DIGITAL CAMERA,1,0,,0,0
FUJIFILM FinePix E900,3,2,,0,0
Canon EOS Rebel T7i,3,10,,0,0
Canon EOS REBEL T5,13,46,,0,0
Panasonic DMC-ZS45,1,0,,0,0
Panasonic DMC-ZS10,2,4,,0,0
FUJIFILM X-Pro2,13,25,,0,0
HUAWEI ALP-L29,1,0,,0,0
FUJIFILM X70,6,3,,0,0
SONY DSC-H7,5,11,,0,0
PENTAX PENTAX K-7,12,16,,0,0
Canon PowerShot SX400 IS,3,6,,0,0
SAMSUNG NX500,2,5,,0,0
samsung SM-G930F,9,10,,0,0
samsung SCH-I545,2,0,,0,0
FUJIFILM FinePix S1500,3,7,,0,0
Canon PowerShot A480,4,4,,0,0
SONY DSC-P100,5,4,,0,0
NIKON CORPORATION Z 6,9,14,,0,0
Canon EOS 10D,15,27,,0,0
Hipstamatic 340,1,1,,0,0
NIKON COOLPIX S7000,4,4,,0,0
samsung SM-J710F,1,1,,0,0
samsung SM-A525F,1,0,,0,0
NIKON CORPORATION D4S,14,7,,0,0
HUAWEI LYA-L29,1,0,,0,0
Canon PowerShot G11,20,34,,0,0
SONY DSC-W170,2,4,,0,0
Ltd. DiMAGE 7,1,0,,0,0
Apple iPhone SE (1st generation),1,2,,0,0
Canon PowerShot S90,8,17,,0,0
Canon PowerShot S40,2,2,,0,0
FUJIFILM FinePix S8000fd,8,6,,0,0
NIKON COOLPIX L110,9,12,,0,0
OLYMPUS IMAGING CORP. E-520,8,18,,0,0
Canon PowerShot G7 X Mark II,9,10,,0,0
Canon EOS R7,2,0,,0,0
FUJIFILM FinePix S4500,5,2,,0,0
SONY DSC-S40,2,5,,0,0
FUJIFILM FinePix S8100fd,1,6,,0,0
FUJIFILM FinePix S9200 S9250 S9150,1,3,,0,0
Canon DIGITAL IXUS 950 IS,2,3,,0,0
SONY DSC-HX100V,9,13,,0,0
samsung SM-G950U1,1,0,,0,0
PENTAX PENTAX Optio VS20,1,0,,0,0
Canon DIGITAL IXUS 50,5,5,,0,0
Canon EOS-1DS,3,3,,0,0
OLYMPUS IMAGING CORP. E-P2,4,2,,0,0
Panasonic DMC-GF2,3,3,,0,0
Microsoft Lumia 535 Dual SIM,1,0,,0,0
HUAWEI HUAWEI LYO-L21,1,0,,0,0
Panasonic DMC-FX9,4,2,,0,0
Panasonic DMC-FS35,2,3,,0,0
SONY NEX-F3,5,5,,0,0
Panasonic DMC-FX30,3,5,,0,0
SAMSUNG WB200F/WB201F/WB202F,2,0,,0,0
SONY DSC-RX1,8,8,,0,0
Panasonic DMC-FT20,2,0,,0,0
Canon PowerShot SX220 HS,2,4,,0,0
Canon PowerShot SX10 IS,19,28,,0,0
NIKON COOLPIX P100,6,9,,0,0
LEICA CAMERA AG LEICA CL,2,3,,0,0
EPSON Perfection V700/V750,3,5,,0,0
FUJIFILM X20,6,13,,0,0
"OLYMPUS OPTICAL CO.,LTD C40Z,D40Z",2,2,,0,0
Panasonic DMC-TZ18,4,4,,0,0
OLYMPUS CORPORATION TG-4,3,8,,0,0
Canon PowerShot S120,5,5,,0,0
Nikon Nikon F100,1,0,,0,0
SONY ILCE-7S,8,7,,0,0
Mysterious Camera,1,0,,0,0
Minolta Autocord,1,0,,0,0
FED Zarya,1,0,,0,0
NIKON CORPORATION 1 J2,3,0,,0,0
PENTAX Corporation PENTAX Optio 50,2,0,,0,0
OLYMPUS IMAGING CORP. E-PL5,9,21,,0,0
NORITSU KOKI EZ Controller,12,22,,0,0
LEICA CAMERA AG LEICA Q2,3,1,,0,0
Google Pixel 2 XL,2,2,,0,0
Reflecta CrystalScan 7200,1,0,,0,0
Panasonic DMC-GF7,1,4,,0,0
Panasonic DMC-FZ47,2,2,,0,0
Nokia N95,4,8,,0,0
PENTAX Corporation PENTAX Optio WPi,2,0,,0,0
Canon DIGITAL IXUS 100 IS,5,7,,0,0
Panasonic DMC-LX7,9,10,,0,0
Canon PowerShot A460,5,3,,0,0
Canon PowerShot SX710 HS,6,4,,0,0
SONY DSC-WX100,4,1,,0,0
samsung SPH-L720,1,0,,0,0
Panasonic DMC-ZS20,4,2,,0,0
SAMSUNG NX300M,1,1,,0,0
FUJIFILM X100F,13,11,,0,0
FUJIFILM FinePix F20,2,2,,0,0
PENTAX PENTAX Optio S1,1,0,,0,0
SONY DSC-P8,2,4,,0,0
"CASIO COMPUTER CO.,LTD. EX-FH100",1,0,,0,0
Canon PowerShot G7 X,4,4,,0,0
Panasonic DC-GX9,3,6,,0,0
OLYMPUS IMAGING CORP. TG-620,1,0,,0,0
OLYMPUS IMAGING CORP. SP-620UZ,1,1,,0,0
"OLYMPUS IMAGING CORP. X600,D630,FE5500",1,4,,0,0
LTD. PENTAX K-1 Mark II,3,3,,0,0
Canon PowerShot G2,7,8,,0,0
FUJIFILM FinePix Z1,3,3,,0,0
"CASIO COMPUTER CO.,LTD. EX-Z1000   ",1,0,,0,0
EASTMAN KODAK COMPANY KODAK Z1285 ZOOM DIGITAL CAMERA,4,1,,0,0
FUJIFILM FinePix S3100,2,0,,0,0
EASTMAN KODAK COMPANY KODAK EASYSHARE C143 Digital Camera,3,2,,0,0
SAMSUNG SAMSUNG-SGH-I747,2,4,,0,0
NIKON COOLPIX P7700,4,7,,0,0
Canon EOS M3,7,8,,0,0
LEICA C (Typ 112),2,1,,0,0
Canon PowerShot SX120 IS,9,19,,0,0
samsung SM-G991B,1,1,,0,0
SAMSUNG SM-C115,1,2,,0,0
Canon PowerShot SX410 IS,2,5,,0,0
samsung SM-N910F,1,5,,0,0
Panasonic DC-G9,4,12,,0,0
PENTAX PENTAX K-500,2,2,,0,0
Ltd. DiMAGE 7i,2,1,,0,0
Panasonic DMC-TS6,1,0,,0,0
SONY SLT-A37,9,7,,0,0
"OLYMPUS IMAGING CORP. uD800,S800",1,4,,0,0
NIKON COOLPIX P6000,2,3,,0,0
NIKON CORPORATION D3X,4,10,,0,0
Canon EOS 4000D,2,4,,0,0
samsung SM-A520F,3,5,,0,0
Google Pixel 3,3,1,,0,0
NIKON COOLPIX S6000,2,2,,0,0
samsung SM-G950U,2,3,,0,0
Panasonic DMC-FZ48,2,5,,0,0
EASTMAN KODAK COMPANY KODAK EASYSHARE Z915 DIGITAL CAMERA,2,5,,0,0
LTD.   PENTAX K-3 II      ,2,0,,0,0
Apple iPhone 14 Pro Max,1,1,,0,0
SIGMA SIGMA SD14,3,1,,0,0
NIKON S1,2,5,,0,0
SONY DSC-HX1,8,16,,0,0
FUJIFILM X10,10,19,,0,0
Canon CanoScan 8800F,4,5,,0,0
Canon PowerShot G3,5,10,,0,0
Canon DIGITAL IXUS 65,3,6,,0,0
Panasonic DMC-FZ330,6,0,,0,0
Canon EOS 800D,1,9,,0,0
Leica Camera AG M8 Digital Camera,5,8,,0,0
samsung SM-G928F,1,0,,0,0
EASTMAN KODAK COMPANY KODAK DX7630 ZOOM DIGITAL CAMERA,3,5,,0,0
samsung GT-I9515,1,0,,0,0
SONY  DSLR-A200,3,10,,0,0
SONY DSC-P52,1,9,,0,0
SONY DSC-T70,4,2,,0,0
Apple iPhone 4,40,79,,0,0
Canon PowerShot A510,5,14,,0,0
SONY DSC-HX300,8,16,,0,0
PENTAX Corporation PENTAX Optio A40,1,0,,0,0
Plustek OpticFilm 8100,3,2,,0,0
Panasonic DMC-FZ100,5,9,,0,0
SONY DSC-HX90V,3,5,,0,0
SONY DSC-T9,2,5,,0,0
NIKON COOLPIX L830,3,6,,0,0
NIKON COOLPIX P500,5,13,,0,0
Canon PowerShot A720 IS,13,21,,0,0
LGE Nexus 5,4,12,,0,0
Motorola MotoE2,1,0,,0,0
NIKON COOLPIX A900,3,4,,0,0
Panasonic DMC-TZ25,6,5,,0,0
Canon PowerShot G1 X Mark III,3,2,,0,0
Posh E550,1,0,,0,0
Panasonic DMC-TZ65,1,1,,0,0
Panasonic DMC-FT5,2,0,,0,0
FUJIFILM FinePix F10,4,10,,0,0
OLYMPUS IMAGING CORP.   E-500           ,9,4,,0,0
RICOH Caplio R7,3,0,,0,0
Sony D5803,1,4,,0,0
Apple iPhone 11,5,10,,0,0
OLYMPUS CORPORATION C740UZ,4,3,,0,0
"CASIO COMPUTER CO.,LTD. EX-Z70",2,3,,0,0
SONY SLT-A58,15,40,,0,0
samsung SAMSUNG-SM-G900A,1,1,,0,0
SONY NEX-C3,4,5,,0,0
SONY DSLR-A450,2,4,,0,0
NIKON CORPORATION Z 7,7,9,,0,0
Canon EOS 200D,5,5,,0,0
LTD. SLP800,1,2,,0,0
PENTAX PENTAX K-x,18,22,,0,0
PENTAX              PENTAX K-x         ,4,2,,0,0
SONY DSC-H200,1,0,,0,0
Panasonic DMC-FT3,1,0,,0,0
Apple iPad 2,3,1,,0,0
FUJIFILM FinePix S7000 ,1,4,,0,0
DJI FC3582,1,1,,0,0
NIKON E5000,2,5,,0,0
SONY ILCE-5100,12,7,,0,0
NIKON CORPORATION 1 S1,1,0,,0,0
Canon PowerShot SD870 IS,6,7,,0,0
Panasonic DMC-G10,1,3,,0,0
Canon MP620 series,1,0,,0,0
NIKON COOLPIX S4,4,5,,0,0
Canon PowerShot SX130 IS,8,16,,0,0
NIKON CORPORATION Z 6_2,4,5,,0,0
samsung SM-N910H,1,0,,0,0
Canon PowerShot SX170 IS,5,3,,0,0
SONY ILCA-77M2,11,36,,0,0
SONY ILCE-9,4,6,,0,0
FUJIFILM FinePix S2500HD,3,2,,0,0
Panasonic DMC-G7,3,12,,0,0
NIKON CORPORATION Z 5,2,2,,0,0
Canon PowerShot SD900,2,5,,0,0
Canon PowerShot SX230 HS,9,10,,0,0
PENTAX PENTAX K-01,3,6,,0,0
EPSON Perfection V800/V850,2,1,,0,0
PENTAX PENTAX K-5 II,8,11,,0,0
"OLYMPUS OPTICAL CO.,LTD C740UZ",6,3,,0,0
Canon PowerShot A2200,6,0,,0,0
OLYMPUS IMAGING CORP. SZ-31MR,1,2,,0,0
SAMSUNG SAMSUNG ST60 / VLUU ST60 / SAMSUNG TL105 / SAMSUNG ST61,1,0,,0,0
SONY DSC-H20,4,6,,0,0
FUJIFILM FinePix HS50EXR,7,8,,0,0
samsung SM-J500H,2,1,,0,0
SAMSUNG SAMSUNG WB1100F/WB1101F/WB1102F,2,0,,0,0
LTD. GR II,3,6,,0,0
samsung SM-A510F,1,2,,0,0
Razer Phone 2,1,0,,0,0
Konica Minolta Camera,3,9,,0,0
Inc. DiMAGE X21,1,0,,0,0
Panasonic DMC-FZ7,10,20,,0,0
Epson    Exp10000XL10000 ,1,0,,0,0
Sinarcam 2 (Stand Alone),1,0,,0,0
Sinar m,1,0,,0,0
OLYMPUS IMAGING CORP.   E-M5            ,2,4,,0,0
FUJIFILM X30,3,4,,0,0
RICOH GR DIGITAL 3,2,5,,0,0
NIKON CORPORATION D100,8,8,,0,0
LTD. SP-3000,19,29,,0,0
LEICA CAMERA AG LEICA SL2,1,0,,0,0
Canon IXUS 145,2,1,,0,0
FUJIFILM FinePix S2000HD S2100HD,3,5,,0,0
samsung SM-G960F,5,4,,0,0
NIKON COOLPIX L25,2,1,,0,0
FUJIFILM FinePix S6500fd,10,11,,0,0
Konica Minolta Photo Imaging,2,0,,0,0
Inc. DiMAGE G600,2,0,,0,0
Canon PowerShot A620,11,14,,0,0
HUAWEI HUAWEI KII-L05,1,0,,0,0
SONY DSC-W30,5,4,,0,0
"OLYMPUS IMAGING CORP. FE310,X840,C530",2,1,,0,0
PENTAX PENTAX Optio E80,2,0,,0,0
SIGMA SIGMA DP2 Merrill,4,8,,0,0
EASTMAN KODAK COMPANY KODAK Z650 ZOOM DIGITAL CAMERA,5,5,,0,0
SONY DSC-W7,6,9,,0,0
Nikon Nikon SUPER COOLSCAN 9000 ED,4,3,,0,0
FUJIFILM FinePix S8600 S8650 S8630,1,1,,0,0
SONY DSC-H10,7,6,,0,0
SONY DSC-HX80,2,5,,0,0
Panasonic DMC-LX15,2,1,,0,0
Panasonic DMC-TZ35,6,7,,0,0
Panasonic DMC-TZ10,8,14,,0,0
SAMSUNG SM-A700F,1,0,,0,0
Canon PowerShot G9 X,2,3,,0,0
FUJIFILM Fujifilm A170 A180,2,1,,0,0
HUAWEI HUAWEI P6-C00,1,0,,0,0
Motorola Moto G (4),2,3,,0,0
"OLYMPUS IMAGING CORP. STYLUS1,1s",2,1,,0,0
SAMSUNG EX1,4,0,,0,0
EASTMAN KODAK COMPANY KODAK DX7590 ZOOM DIGITAL CAMERA,2,3,,0,0
Canon PowerShot G12,18,24,,0,0
Canon PowerShot ELPH 190 IS,3,0,,0,0
Canon PowerShot A2300,2,7,,0,0
PENTAX              PENTAX K-30        ,1,3,,0,0
Google Pixel 2,2,2,,0,0
FUJIFILM FinePix F30,5,7,,0,0
Canon PowerShot G6,8,5,,0,0
Canon PowerShot A610,9,17,,0,0
Canon EOS DIGITAL REBEL,38,51,,0,0
GoPro HERO5 Black,1,2,,0,0
Xiaomi Redmi 5 Plus,1,0,,0,0
Hipstamatic 274,1,0,,0,0
Nikon LS-5000,3,1,,0,0
SEIKO EPSON CORP. PhotoPC 3100Z,1,0,,0,0
OLYMPUS IMAGING CORP. SP350,1,4,,0,0
"OLYMPUS IMAGING CORP.   FE340,X855,C560        ",1,0,,0,0
HTC HTC U Ultra,1,0,,0,0
HTC HTC One,4,1,,0,0
Panasonic DMC-TZ71,2,1,,0,0
HUAWEI HUAWEI GRA-L09,1,1,,0,0
OLYMPUS IMAGING CORP. TG-1,2,0,,0,0
NIKON COOLPIX P330,2,6,,0,0
DJI Test_Pro,1,1,,0,0
HTC EVO,1,1,,0,0
Panasonic DMC-TZ41,2,1,,0,0
SAMSUNG NX300,8,8,,0,0
NIKON COOLPIX L5,1,6,,0,0
Phase One P 65+,1,0,,0,0
Panasonic DMC-GX80,7,7,,0,0
"OLYMPUS IMAGING CORP. FE220,X785",2,2,,0,0
NIKON COOLPIX L4,2,4,,0,0
EASTMAN KODAK COMPANY KODAK EasyShare Z990 Digital Camera,3,4,,0,0
EASTMAN KODAK COMPANY KODAK EasyShare Z981 Digital Camera,3,4,,0,0
Apple iPhone 6s Plus,13,12,,0,0
Apple iPhone 12,1,2,,0,0
samsung SM-N910C,1,2,,0,0
Canon PowerShot SX700 HS,3,12,,0,0
Canon EOS 77D,12,23,,0,0
NIKON COOLPIX P500   ,1,3,,0,0
FUJIFILM X-A1,2,3,,0,0
LEICA D-LUX (Typ 109),3,0,,0,0
OLYMPUS IMAGING CORP. E-500,18,29,,0,0
SAMSUNG GT-I9505,5,5,,0,0
SAMSUNG EX1    ,1,0,,0,0
LG Electronics LG-VS450P,1,0,,0,0
Canon PowerShot Pro1,8,7,,0,0
FUJIFILM FinePix F60fd,1,1,,0,0
Sony D6603,2,1,,0,0
"CASIO COMPUTER CO.,LTD QV-R51",1,1,,0,0
OLYMPUS IMAGING CORP.   SP570UZ                ,1,1,,0,0
samsung SM-G900F,1,9,,0,0
Canon PowerShot A80,9,13,,0,0
samsung SM-G925F,2,2,,0,0
Apple iPhone 8,14,24,,0,0
"OLYMPUS IMAGING CORP. u1010,S1010",2,2,,0,0
Panasonic DMC-ZS8,4,4,,0,0
Panasonic DMC-TZ31,1,4,,0,0
SONY DSC-W1,4,13,,0,0
Canon MP240 series,1,1,,0,0
PENTAX Corporation PENTAX Optio S5i,3,1,,0,0
OLYMPUS IMAGING CORP. SP560UZ,4,5,,0,0
Panasonic DC-TZ220,1,0,,0,0
NIKON E8800,7,7,,0,0
SONY DSC-S930,4,5,,0,0
NIKON COOLPIX A100,1,2,,0,0
Canon PowerShot A650 IS,5,8,,0,0
NIKON COOLPIX S50,1,1,,0,0
Panasonic DMC-TZ8,8,4,,0,0
NIKON COOLPIX S6500,1,0,,0,0
DJI FC300C,1,0,,0,0
SAMSUNG TECHWIN Pro 815,1,1,,0,0
Canon DIGITAL IXUS 40,3,7,,0,0
OLYMPUS IMAGING CORP. E-3,11,13,,0,0
Motorola Moto G Play,1,1,,0,0
FUJIFILM X-T4,3,4,,0,0
SONY DSC-W380,2,1,,0,0
Canon PowerShot A430,2,5,,0,0
EPSON WF-7520,1,0,,0,0
PENTAX PENTAX Optio W60,1,0,,0,0
EASTMAN KODAK COMPANY KODAK Z612 ZOOM DIGITAL CAMERA,2,3,,0,0
LG Electronics VS980 4G,2,0,,0,0
EASTMAN KODAK COMPANY KODAK EASYSHARE M575 Digital Camera,1,0,,0,0
HUAWEI WAS-LX1A,1,1,,0,0
OLYMPUS IMAGING CORP. E-620,8,14,,0,0
Google Pixel XL,1,1,,0,0
SONY  DSLR-A700,3,7,,0,0
KONICA MINOLTA MAXXUM 7D,5,1,,0,0
EASTMAN KODAK COMPANY KODAK EASYSHARE V803 ZOOM DIGITAL CAMERA,2,2,,0,0
Panasonic DMC-FZ8,9,16,,0,0
FUJIFILM FinePix S1500     ,1,2,,0,0
LTD.   PENTAX K-3         ,2,3,,0,0
RICOH GR DIGITAL 4,3,4,,0,0
LG Electronics LG-D620,1,0,,0,0
Panasonic DMC-LS70,2,0,,0,0
Canon PowerShot SX200 IS,8,11,,0,0
SAMSUNG SM-J100H,1,1,,0,0
Hipstamatic Oggl,1,1,,0,0
SONY DSC-W270,3,1,,0,0
SONY DSC-W320,5,6,,0,0
SAMSUNG SM-J100Y,1,0,,0,0
Canon EOS-1D Mark III,11,20,,0,0
JellyBus iPad Air 2,1,0,,0,0
Panasonic DC-TZ93,1,1,,0,0
OLYMPUS IMAGING CORP. E-PL1,10,22,,0,0
Canon PowerShot S70,3,4,,0,0
EASTMAN KODAK COMPANY KODAK CX6445 ZOOM DIGITAL CAMERA,1,0,,0,0
NIKON E4100,3,3,,0,0
FUJIFILM X100V,1,2,,0,0
FUJIFILM FinePix Z20fd,1,3,,0,0
SONY            DSLR-A100,4,11,,0,0
SONY CYBERSHOT,28,55,,0,0
HP Scanjet e709n,1,0,,0,0
FUJIFILM FinePix S5600,6,11,,0,0
Canon PowerShot A700,6,6,,0,0
SONY DSLR-A350,18,21,,0,0
Phase One P45+,1,2,,0,0
Plustek OpticFilm 8200i,3,2,,0,0
Canon IXUS 160,1,0,,0,0
OLYMPUS IMAGING CORP.   u5000                  ,1,0,,0,0
"OLYMPUS IMAGING CORP. u700,S700",2,4,,0,0
Canon PowerShot S100,10,19,,0,0
Pentax K-x,1,0,,0,0
OLYMPUS IMAGING CORP. E-600,2,1,,0,0
KONICA MINOLTA DiMAGE Z3,3,2,,0,0
SONY DSLR-A900,7,14,,0,0
Canon PowerShot G1 X Mark II,3,6,,0,0
NIKON COOLPIX S8000,3,8,,0,0
Nikon Nikon SUPER COOLSCAN 5000 ED,9,7,,0,0
NORITSU KOKI QSS-30,6,3,,0,0
Canon PowerShot S30,3,4,,0,0
Motorola MotoG3,2,1,,0,0
Panasonic DMC-G85,2,2,,0,0
SONY DSC-RX100M6,2,6,,0,0
KONICA MINOLTA DiMAGE Z6,2,2,,0,0
OLYMPUS IMAGING CORP. E-410,9,16,,0,0
Canon PowerShot A540,10,11,,0,0
Canon PowerShot SD800 IS,4,18,,0,0
Canon PowerShot SD880 IS,4,5,,0,0
Canon PowerShot ELPH 360 HS,2,0,,0,0
EASTMAN KODAK COMPANY KODAK EASYSHARE C613 ZOOM DIGITAL CAMERA,3,5,,0,0
FUJIFILM FinePix J250,1,0,,0,0
FUJIFILM FinePix S9500,10,12,,0,0
"OLYMPUS OPTICAL CO.,LTD E-20,E-20N,E-20P",1,1,,0,0
Panasonic DMC-GH4,4,7,,0,0
FUJIFILM FinePix S200EXR,6,1,,0,0
FUJIFILM FinePix S2980,7,4,,0,0
NIKON CORPORATION Z 50,3,4,,0,0
FUJIFILM FinePix4800 ZOOM,2,0,,0,0
SONY NEX-5,22,16,,0,0
HMD Global Nokia 6,1,0,,0,0
Apple iPhone 11 Pro,6,5,,0,0
Leaf Aptus 65,1,0,,0,0
PENTAX PENTAX K-r,14,9,,0,0
EASTMAN KODAK COMPANY KODAK EASYSHARE M531 Digital Camera,1,0,,0,0
KONICA MINOLTA DYNAX 5D,3,4,,0,0
AgfaPhoto GmbH d-lab.2/3,2,6,,0,0
Canon IXUS 220HS,1,5,,0,0
Apple iPhone 12 Pro,4,4,,0,0
SONY SLT-A35,4,6,,0,0
SAMSUNG EK-GC100,1,3,,0,0
SONY DSC-T5,2,4,,0,0
NIKON CORPORATION 1 J3,1,0,,0,0
Canon PowerShot SX270 HS,1,1,,0,0
LTD. SP500,2,0,,0,0
samsung SM-G920V,4,2,,0,0
FUJIFILM FinePix S4200,3,2,,0,0
Nokia 808 PureView,1,3,,0,0
Polaroid iS2132,1,1,,0,0
SONY ILCE-7SM2,6,3,,0,0
NIKON COOLPIX P7000,4,8,,0,0
Sony Ericsson C903,1,0,,0,0
Sony Ericsson Z610i,1,0,,0,0
OLYMPUS IMAGING CORP. E-PL7,1,7,,0,0
SONY DSC-HX7V,2,3,,0,0
SONY DSC-WX500,1,2,,0,0
FUJIFILM FinePix S5Pro  ,1,0,,0,0
SAMSUNG SAMSUNG-SM-G900A,2,4,,0,0
Sony C6903,2,3,,0,0
GoPro HERO3+ Black Edition,1,1,,0,0
Hipstamatic 367,1,0,,0,0
PENTAX PENTAX 645D,1,2,,0,0
SONY DSC-W310,5,4,,0,0
SONY DSC-RX10,4,2,,0,0
Canon PowerShot ELPH 110 HS,2,6,,0,0
FUJIFILM FinePix Z100fd,1,2,,0,0
SONY DSC-W560,1,0,,0,0
NIKON COOLPIX L840,3,5,,0,0
Konica Corporation Konica Digital Camera KD-500Z,1,0,,0,0
HUAWEI WAS-LX1,2,0,,0,0
Apple iPod touch,5,9,,0,0
Canon PowerShot SD790 IS,1,10,,0,0
SONY DSC-H400,1,3,,0,0
SAMSUNG SM-G900T,1,0,,0,0
Nikon F - 100,1,0,,0,0
EASTMAN KODAK COMPANY KODAK CX7430 ZOOM DIGITAL CAMERA,3,1,,0,0
OLYMPUS IMAGING CORP.   E-M1            ,2,1,,0,0
SAMSUNG GT-I8262,1,0,,0,0
Panasonic DMC-GH2,5,11,,0,0
NIKON COOLPIX L820,7,8,,0,0
PENTAX Corporation  PENTAX K100D Super ,1,1,,0,0
PENTAX Corporation PENTAX Optio A20,1,0,,0,0
OLYMPUS IMAGING CORP. SP590UZ,1,6,,0,0
Apple Unknown,1,0,,0,0
SAMSUNG GT-I8160,1,0,,0,0
Canon IXUS 255 HS,1,0,,0,0
WIKO View XL,1,0,,0,0
Hipstamatic 251,1,0,,0,0
LTD. SLP1000SE,7,2,,0,0
RICOH RICOH R10,1,2,,0,0
OLYMPUS IMAGING CORP. E-PL3,5,7,,0,0
LG Electronics LG-K430T,1,0,,0,0
HUAWEI FRD-L09,2,0,,0,0
Panasonic DMC-FZ45,5,9,,0,0
SAMSUNG NX2000,1,2,,0,0
NIKON COOLPIX L100,5,4,,0,0
SONY HDR-CX240,1,0,,0,0
Canon DIGITAL IXUS 75,2,11,,0,0
NIKON COOLPIX L26,1,0,,0,0
NIKON COOLPIX L22,6,2,,0,0
OLYMPUS CORPORATION     E-M1MarkII      ,1,1,,0,0
OLYMPUS IMAGING CORP. SH-50,1,0,,0,0
Canon PowerShot SD940 IS,1,0,,0,0
Canon PowerShot SD600,9,19,,0,0
NIKON COOLPIX S9200,2,0,,0,0
Canon PowerShot SD700 IS,5,12,,0,0
Apple iPad (5th generation),1,1,,0,0
NIKON E5400,2,6,,0,0
NIKON COOLPIX P610,2,12,,0,0
Canon PowerShot A560,11,8,,0,0
Panasonic DMC-LX2,6,8,,0,0
OLYMPUS IMAGING CORP. E-PM1,4,7,,0,0
Panasonic DMC-FZ40,3,5,,0,0
Hipstamatic 278,2,0,,0,0
PowerShovel Digital Harinezumi 2,1,0,,0,0
Sony Ericsson K800i,3,1,,0,0
NIKON CORPORATION D3500,5,11,,0,0
FUJIFILM FinePix S5000 ,1,1,,0,0
Film Scanner Film Scanner,1,0,,0,0
Nikon Nikon SUPER COOLSCAN 4000 ED,2,2,,0,0
Panasonic DMC-LX10,1,1,,0,0
Epson Perfection3170,1,0,,0,0
"OLYMPUS OPTICAL CO.,LTD C3000Z",6,3,,0,0
FUJIFILM FinePix S2960,1,1,,0,0
KONICA MINOLTA DiMAGE Z20,2,2,,0,0
KONICA MINOLTA DiMAGE G530,1,0,,0,0
PENTAX Corporation PENTAX Optio 33WR,3,0,,0,0
SONY DSC-V3,2,3,,0,0
Sony H3113,1,0,,0,0
Canon DIGITAL IXUS 85 IS,3,3,,0,0
SONY DSC-HX350,1,1,,0,0
FUJIFILM FinePix XP200/XP210,1,1,,0,0
Google Pixel,2,0,,0,0
SONY DSC-W80,10,9,,0,0
LEICA V-LUX (Typ 114),1,4,,0,0
LTD.   RICOH GR III       ,1,0,,0,0
Panasonic DMC-S1,1,0,,0,0
OLYMPUS IMAGING CORP. SP550UZ,4,10,,0,0
FUJIFILM FinePix S3200,3,2,,0,0
FUJIFILM FinePix A600,1,1,,0,0
Canon PowerShot ELPH 115 IS,1,2,,0,0
Canon EOS-1D Mark II,7,8,,0,0
Noritsu Koki QSS,3,7,,0,0
Panasonic DMC-TZ80,1,7,,0,0
samsung SM-J500M,1,1,,0,0
"OLYMPUS IMAGING CORP. FE5030,X965,X960",1,0,,0,0
OLYMPUS IMAGING CORP. SP570UZ,2,7,,0,0
NIKON COOLPIX L2,3,2,,0,0
Canon PowerShot A550,5,9,,0,0
samsung SM-J250G,1,0,,0,0
SAMSUNG NX30,2,5,,0,0
DJI FC300X,2,1,,0,0
LEICA DIGILUX 3,2,1,,0,0
FUJIFILM FinePix HS20EXR,9,15,,0,0
Canon DIGITAL IXUS 70,3,9,,0,0
NIKON CORPORATION 1 J1,6,12,,0,0
Canon EOS Kiss Digital X,6,11,,0,0
FUJIFILM FinePix S1730,2,0,,0,0
OLYMPUS CORPORATION E-1,2,3,,0,0
SONY ILCE-7M4,2,2,,0,0
Panasonic DMC-FZ2500,1,3,,0,0
Samsung Techwin <VLUU L830  / Samsung L830>,1,0,,0,0
SONY DSC-W510,1,0,,0,0
samsung SM-T800,1,0,,0,0
SAMSUNG SM-G800F,1,2,,0,0
SONY ILCE-3500,1,0,,0,0
samsung SM-N910V,1,1,,0,0
Canon PowerShot SD750,7,15,,0,0
Panasonic DMC-G6,4,10,,0,0
LOMO Smena-8M,1,0,,0,0
SIGMA SIGMA DP3 Merrill,3,4,,0,0
SAMSUNG WB690,1,2,,0,0
DJI FC300S,1,1,,0,0
SONY ILCE-5000,6,14,,0,0
Samsung Techwin <Samsung NV3,2,2,,0,0
Samsung VLUU NV3>,2,2,,0,0
Canon PowerShot S110,4,7,,0,0
samsung SM-A310F,2,2,,0,0
SONY DSC-H2,8,11,,0,0
LG Electronics LG-M327,1,0,,0,0
"OLYMPUS CORPORATION X-3,C-60Z",2,6,,0,0
FUJIFILM FinePix S5500  ,2,0,,0,0
LEICA CAMERA AG LEICA TL2,1,0,,0,0
SAMSUNG SGH-T999L,1,0,,0,0
OLYMPUS IMAGING CORP.   E-PL1           ,1,3,,0,0
NIKON COOLPIX P5100,4,4,,0,0
Sony Ericsson ST18i,2,0,,0,0
Apple iPad Air 2,3,3,,0,0
LG Electronics LG-D852,1,0,,0,0
FUJIFILM FinePix A340,1,2,,0,0
FUJIFILM FinePix S5500,2,10,,0,0
OLYMPUS IMAGING CORP. SP800UZ,3,5,,0,0
OLYMPUS IMAGING CORP. E-420,7,16,,0,0
Panasonic DMC-TZ101,1,1,,0,0
Minolta Co. Ltd. Dimage 2300,1,0,,0,0
FUJIFILM FinePix SL1000,3,5,,0,0
Panasonic DMC-FS3,3,6,,0,0
Canon DIGITAL IXUS 500,7,1,,0,0
LG Electronics VS870 4G,1,0,,0,0
Hewlett-Packard HP PhotoSmart C945 (V01.67),1,0,,0,0
Panasonic DMC-LS80,2,5,,0,0
LEICA D-LUX 3,3,4,,0,0
OLYMPUS CORPORATION C765UZ,2,4,,0,0
EASTMAN KODAK COMPANY KODAK Z740 ZOOM DIGITAL CAMERA,10,16,,0,0
SONY DSC-HX10V,2,2,,0,0
Sony E5823,2,1,,0,0
HUAWEI CLT-L29,2,5,,0,0
LEICA CAMERA AG LEICA T (Typ 701),1,2,,0,0
Canon MP495 series,1,0,,0,0
Panasonic DC-S1R,1,2,,0,0
PENTAX Corporation PENTAX Optio WP,1,1,,0,0
SIGMA SIGMA DP1,2,0,,0,0
Canon PowerShot S230,1,3,,0,0
SONY DSLR-A330,6,5,,0,0
FUJIFILM FinePix S4250WM,1,1,,0,0
"CASIO COMPUTER CO.,LTD. EX-S600",3,3,,0,0
SAMSUNG NX10,1,0,,0,0
SONY DSC-P93A,2,3,,0,0
SONY DSC-W35,2,5,,0,0
Hewlett-Packard HP PhotoSmart C945 (V01.52),1,0,,0,0
OLYMPUS IMAGING CORP. SH-2,1,0,,0,0
OLYMPUS CORPORATION E-PL8,1,1,,0,0
samsung SM-F700F,1,0,,0,0
Canon EOS 5DS,3,9,,0,0
samsung SM-N960U,1,0,,0,0
Lenovo Lenovo A7020a48,1,0,,0,0
NIKON CORPORATION D100 ,3,5,,0,0
SAMSUNG SPH-L710,1,1,,0,0
motorola moto g(6),1,0,,0,0
Xiaomi Mi Note 10 Lite,1,0,,0,0
SAMSUNG SGH-T399N,1,0,,0,0
NORITSU KOKI QSS-29_31,2,4,,0,0
Epson PerfectionV700,2,5,,0,0
Leica Camera AG M Monochrom,2,0,,0,0
NIKON CORPORATION D3S,16,24,,0,0
FUJIFILM FinePix S1000fd,4,19,,0,0
SONY DSC-RX10M2,1,2,,0,0
Canon PowerShot ELPH 510 HS,1,1,,0,0
Samsung Techwin <Digimax S500 / Kenox S500 / Digimax Cyber 530>,3,7,,0,0
NIKON COOLPIX B500,1,3,,0,0
Nokia Lumia 1520,1,3,,0,0
PENTAX Corporation PENTAX Optio S4,1,1,,0,0
Canon PowerShot SX520 HS,3,1,,0,0
SONY DSC-W290,6,10,,0,0
Canon PowerShot SX240 HS,3,5,,0,0
FUJIFILM FinePix S4800,3,1,,0,0
SONY DSC-H9,8,15,,0,0
NIKON COOLPIX S550,4,3,,0,0
PENTAX Corporation PENTAX K20D,3,2,,0,0
PENTAX PENTAX Optio M90,1,0,,0,0
NIKON CORPORATION Z 7_2,1,2,,0,0
SONY DSC-W350,5,4,,0,0
Apple + Pro HDR iPhone,1,4,,0,0
SAMSUNG SM-G361F,1,0,,0,0
FUJIFILM FinePix S5600  ,2,2,,0,0
OLYMPUS IMAGING CORP. E-P3,5,7,,0,0
Panasonic DMC-G5,2,13,,0,0
SAMSUNG TECHWIN CO.,7,13,,0,0
LTD. Samsung S85,1,0,,0,0
Xiaomi MiTwo,1,0,,0,0
SAMSUNG GT-I8260,1,1,,0,0
Xiaomi 2014813,1,0,,0,0
HUAWEI BLN-L21,1,0,,0,0
samsung SM-A505FN,1,1,,0,0
Panasonic DMC-GF3,3,9,,0,0
Nokia N8-00,6,8,,0,0
NIKON COOLPIX S570,4,4,,0,0
Panasonic DMC-S3,1,0,,0,0
JP Brothers CandyCamera,1,0,,0,0
Panasonic DMC-LC43,1,0,,0,0
Canon IXUS 125 HS,2,2,,0,0
NIKON COOLPIX S3600,4,3,,0,0
Canon PowerShot G5 X,4,2,,0,0
PENTAX Corporation PENTAX Optio 550,1,2,,0,0
GENERAL IMAGING CO. X400,1,0,,0,0
samsung SM-J730GM,1,1,,0,0
Canon PowerShot SD630,9,9,,0,0
SONY DSC-RX100M7,1,2,,0,0
Panasonic DMC-FX50,1,0,,0,0
KONICA MINOLTA DiMAGE X50,1,2,,0,0
Sony Ericsson E10a,1,0,,0,0
Canon CanoScan LiDE 100,1,3,,0,0
SONY DSC-W150,4,5,,0,0
FUJIFILM FinePix A900,1,0,,0,0
Canon PowerShot ELPH 100 HS,2,3,,0,0
EASTMAN KODAK COMPANY KODAK V610 DUAL LENS DIGITAL CAMERA,2,2,,0,0
Canon EOS Kiss X2,4,9,,0,0
SAMSUNG GT-I9060,1,0,,0,0
FUJIFILM FinePix A345,4,2,,0,0
SONY DSC-HX200V,6,9,,0,0
SAMSUNG ST66 / ST68,1,1,,0,0
SAMSUNG SAMSUNG-SGH-I537,1,0,,0,0
Canon EOS Rebel SL2,1,1,,0,0
SAMSUNG SAMSUNG MV900F,1,0,,0,0
OLYMPUS IMAGING CORP.   STYLUS1         ,1,2,,0,0
EASTMAN KODAK COMPANY KODAK EASYSHARE C743 ZOOM DIGITAL CAMERA,4,0,,0,0
FUJIFILM FinePix S9600,4,6,,0,0
"OLYMPUS IMAGING CORP.   u1040,S1040            ",1,0,,0,0
OLYMPUS IMAGING CORP. FE180/X745,3,0,,0,0
Xiaomi MI MAX,1,0,,0,0
samsung SM-G920I,1,2,,0,0
NIKON CORPORATION COOLPIX W300,1,1,,0,0
Leica Camera AG LEICA M (Typ 262),2,0,,0,0
samsung SM-A526B,1,0,,0,0
Samsung Techwin <Digimax S600 / Kenox S600 / Digimax Cyber 630>,3,3,,0,0
Apple iPhone 13 Pro,2,2,,0,0
Canon PowerShot SX720 HS,3,6,,0,0
"CASIO COMPUTER CO.,LTD. EX-Z110",2,3,,0,0
Canon PowerShot A40,4,3,,0,0
Canon DIGITAL IXUS 870 IS,1,1,,0,0
samsung SM-J500FN,1,2,,0,0
"OLYMPUS IMAGING CORP. VG120,D705",1,0,,0,0
NIKON COOLPIX S3100,4,4,,0,0
SONY  DSLR-A290,1,1,,0,0
SONY DSC-T3,2,1,,0,0
PENTAX Corporation PENTAX *ist D,1,1,,0,0
ASUS_Z00UD,1,0,,0,0
SONY  DSLR-A230,3,3,,0,0
Canon PowerShot ELPH 340 HS,2,1,,0,0
SIGMA SIGMA SD1 Merrill,2,3,,0,0
PENTAX Corporation PENTAX K200D,5,9,,0,0
"OLYMPUS IMAGING CORP. FE370,X880,C575",1,0,,0,0
OPPO CPH1701,1,0,,0,0
Canon DIGITAL IXUS 60,2,6,,0,0
Panasonic DC-GH5,1,2,,0,0
"OLYMPUS OPTICAL CO.,LTD X-2,C-50Z",1,2,,0,0
samsung SM-G970F,1,0,,0,0
SONY DSC-P41,2,1,,0,0
SONY DSC-W100,7,5,,0,0
EASTMAN KODAK COMPANY KODAK P850 ZOOM DIGITAL CAMERA,5,2,,0,0
Panasonic DMC-ZS35,1,0,,0,0
OLYMPUS CORPORATION E-M10 Mark III,2,7,,0,0
NIKON E5700,8,7,,0,0
Pentax Spotmatic II,1,0,,0,0
Panasonic DMC-FT1,3,0,,0,0
FUJIFILM X-A3,1,1,,0,0
FUJIFILM FinePix L30,1,0,,0,0
Hipstamatic 305,1,0,,0,0
Apple iPad mini,3,5,,0,0
Canon EOS M6 Mark II,1,2,,0,0
FUJIFILM FinePix E550,4,5,,0,0
Traveler XS 40,1,0,,0,0
OLYMPUS IMAGING CORP. SZ-10,2,2,,0,0
Canon DIGITAL IXUS 110 IS,1,0,,0,0
FUJIFILM FinePix S5800 S800,3,7,,0,0
NIKON CORPORATION COOLPIX P950,1,0,,0,0
Plustek OpticFilm 7300,2,0,,0,0
EASTMAN KODAK COMPANY KODAK Z812 IS ZOOM DIGITAL CAMERA,2,6,,0,0
Panasonic DMC-TZ7,4,13,,0,0
"OLYMPUS_IMAGING_CORP. X450,D535Z,C370Z",2,1,,0,0
LG Electronics LG-H850,1,1,,0,0
SONY DSC-W120,6,9,,0,0
Motorola MB860,1,2,,0,0
LEICA digilux 4.3,1,0,,0,0
SONY DSC-HX50,2,6,,0,0
ASUS_Z00ED,1,0,,0,0
LG Electronics LG-D405,1,0,,0,0
SONY DSLR-A390,3,8,,0,0
EASTMAN KODAK COMPANY KODAK EASYSHARE Z950 DIGITAL CAMERA,1,1,,0,0
SIGMA SIGMA fp,1,1,,0,0
Sony Ericsson U1i,1,2,,0,0
HP Photosmart B110 series,1,0,,0,0
Canon DIGITAL IXUS 55,3,7,,0,0
FUJIFILM FinePix F31fd,4,2,,0,0
Syntek  USB Camera ,1,0,,0,0
SONY DSC-P150,2,1,,0,0
Sony LT30p,3,1,,0,0
Sony D5503,2,4,,0,0
Canon PowerShot S50,7,4,,0,0
samsung SM-S727VL,1,0,,0,0
Canon PowerShot A1100 IS,6,8,,0,0
NIKON COOLPIX L120,4,9,,0,0
Hipstamatic 256,1,0,,0,0
Leica Camera AG LEICA M10-P,1,1,,0,0
Canon PowerShot SX730 HS,1,3,,0,0
OLYMPUS IMAGING CORP. SZ-14,2,2,,0,0
Microsoft Lumia 650,1,0,,0,0
NIKON COOLPIX L24,1,1,,0,0
NIKON D90,1,0,,0,0
FUJIFILM X-Pro3,2,1,,0,0
Canon PowerShot A95,10,10,,0,0
Retro Camera Android The Baerbl,1,0,,0,0
HUAWEI TRT-LX2,1,0,,0,0
SeaLife DC600,1,0,,0,0
Canon PowerShot SX530 HS,5,9,,0,0
EASTMAN KODAK COMPANY KODAK EASYSHARE C813 ZOOM DIGITAL CAMERA,8,5,,0,0
EASTMAN KODAK COMPANY KODAK Z712 IS ZOOM DIGITAL CAMERA,6,7,,0,0
HUAWEI ALE-L21,1,2,,0,0
RICOH CaplioG3 modelS,1,0,,0,0
Panasonic DMC-FH4,1,0,,0,0
HP pstc5500,1,0,,0,0
samsung SAMSUNG-SM-G930A,2,0,,0,0
Panasonic DMC-GX85,3,4,,0,0
FUJIFILM FinePixS2Pro,4,6,,0,0
SONY DSC-T1,3,3,,0,0
Canon PowerShot A640,6,7,,0,0
BlackBerry BlackBerry Z10,1,0,,0,0
OLYMPUS IMAGING CORP. E-450,1,6,,0,0
Canon EOS M10,1,1,,0,0
Panasonic DMC-LS1,1,0,,0,0
Canon IXUS 300 HS,2,0,,0,0
NIKON COOLPIX L18,3,3,,0,0
NIKON CORPORATION D70S,2,0,,0,0
NIKON COOLPIX S610,1,1,,0,0
SONY DSC-T77,3,2,,0,0
NIKON E5600,4,8,,0,0
Apple iPhone XS Max,3,7,,0,0
NIKON CORPORATION 1 J4,1,1,,0,0
FUJIFILM FinePix S3300,1,2,,0,0
Eastman Kodak Company Picture Kiosk G4,1,2,,0,0
Panasonic DMC-FZ3,3,3,,0,0
Nikon LS-50,2,2,,0,0
Hipstamatic 314,2,1,,0,0
Hipstamatic 280,1,1,,0,0
SONY DSC-W210,4,3,,0,0
Canon PowerShot SD1300 IS,3,5,,0,0
SAMSUNG         NX100          ,1,0,,0,0
Panasonic DMC-LZ5,5,0,,0,0
OM Digital Solutions OM-1,1,1,,0,0
SONY DSC-HX400,1,0,,0,0
NIKON CORPORATION Z fc,2,0,,0,0
HP pst_p04a,1,0,,0,0
HP Scanjet djf4100,1,1,,0,0
HUAWEI EVA-L09,1,6,,0,0
General Imaging Co. A1230,2,0,,0,0
EPSON NX230/SX235/TX230,1,0,,0,0
Canon PowerShot A810,2,0,,0,0
PENTAX Corporation  PENTAX *ist DS     ,1,0,,0,0
NIKON COOLPIX S3300,4,6,,0,0
Panasonic DMC-TZ22,2,0,,0,0
EASTMAN KODAK COMPANY KODAK Z760 ZOOM DIGITAL CAMERA,1,0,,0,0
Canon IXUS 105,2,3,,0,0
Panasonic DMC-TZ19,1,0,,0,0
Eastman Kodak KODAK PlaySport Video Camera,1,1,,0,0
Zx3,1,1,,0,0
NIKON COOLPIX P5000,2,4,,0,0
PENTAX PENTAX Q,1,0,,0,0
Panasonic DMC-FH20,2,2,,0,0
"OLYMPUS IMAGING CORP. u710,S710",5,3,,0,0
OLYMPUS CORPORATION C5060WZ,1,2,,0,0
Sony F5321,2,1,,0,0
samsung SM-J700M,2,0,,0,0
Hewlett-Packard hp PhotoSmart 43x series,1,1,,0,0
SONY DSC-P32,3,4,,0,0
SAMSUNG NX11,1,2,,0,0
"CASIO COMPUTER CO.,LTD. EX-S12",1,0,,0,0
Sony Ericsson W800i,3,2,,0,0
HTC myTouch 4G,1,0,,0,0
Panasonic DMC-L10,1,0,,0,0
Canon PowerShot A70,7,13,,0,0
SAMSUNG SCH-I500,3,0,,0,0
OLYMPUS CORPORATION C8080WZ,2,3,,0,0
Panasonic DMC-FS7,1,2,,0,0
EASTMAN KODAK COMPANY KODAK EASYSHARE M381 DIGITAL CAMERA,1,0,,0,0
Canon PowerShot S80,4,5,,0,0
FUJIFILM FinePix F410,3,0,,0,0
SAMSUNG TECHWIN NV40,1,0,,0,0
VLUU NV40,1,0,,0,0
LANDIAO NV103,1,0,,0,0
VLUU NV404,1,0,,0,0
Canon PowerShot SX540 HS,2,2,,0,0
Panasonic DMC-TZ100,2,7,,0,0
Xiaomi Redmi Note 4,1,1,,0,0
samsung SM-G925I,1,1,,0,0
NIKON COOLPIX S2500,1,4,,0,0
samsung GT-S5830B,1,0,,0,0
SAMSUNG GT-I5801,1,0,,0,0
NIKON E4500,2,7,,0,0
HP pst3300,1,0,,0,0
LG Electronics VS986,2,2,,0,0
SONY DSC-HX20V,4,2,,0,0
Nokia 6700s,1,1,,0,0
Kowa KOWA/SIX,1,0,,0,0
FUJIFILM FinePix A820,2,4,,0,0
EASTMAN KODAK COMPANY KODAK EASYSHARE C433 ZOOM DIGITAL CAMERA,1,1,,0,0
FUJIFILM FinePix A203,2,0,,0,0
Panasonic DMC-TZ6,2,4,,0,0
PENTAX Corporation PENTAX Optio A30,2,4,,0,0
HUAWEI HUAWEI Y530-U00,1,0,,0,0
Sony G3221,1,0,,0,0
SAMSUNG WB2000,1,0,,0,0
FUJIFILM Corporation FUJIFILM Corporation FEII software,1,0,,0,0
Panasonic DMC-SZ3,1,2,,0,0
vivo vivo 1723,1,0,,0,0
FUJIFILM FinePix XP80 XP81 XP85,1,0,,0,0
FUJIFILM X-S10,1,0,,0,0
SAMSUNG SGH-M919,2,1,,0,0
Motorola XT1585,2,0,,0,0
RICOH Caplio GX100,3,3,,0,0
NIKON E3700,2,0,,0,0
SAMSUNG SCH-U460,1,0,,0,0
LG Electronics LG-H815L,1,0,,0,0
OLYMPUS IMAGING CORP.   E-PL5           ,2,1,,0,0
EASTMAN KODAK COMPANY KODAK CX7530 ZOOM DIGITAL CAMERA,1,6,,0,0
OLYMPUS IMAGING CORP. E-PM2,4,11,,0,0
SONY MHS-TS20,1,0,,0,0
Panasonic DMC-FH22,2,0,,0,0
Panasonic DMC-ZS25,2,1,,0,0
Hewlett-Packard HP PhotoSmart C935 (V03.74),1,1,,0,0
Minolta Scan Elite II,1,0,,0,0
OLYMPUS CORPORATION C-5000Z,1,4,,0,0
"CASIO COMPUTER CO.,LTD EX-Z40",2,0,,0,0
FUJIFILM FinePix F100fd ,1,0,,0,0
OLYMPUS IMAGING CORP. C7070WZ,2,2,,0,0
OLYMPUS IMAGING CORP. StylusTough-6020,2,2,,0,0
SAMSUNG NX3000,1,8,,0,0
Nikon FM2,1,0,,0,0
Sony G3112,2,0,,0,0
NIKON CORPORATION COOLPIX A,2,2,,0,0
SONY DSC-T100,2,7,,0,0
NIKON COOLPIX P50  ,1,0,,0,0
SAMSUNG SM-G900V,1,2,,0,0
"CASIO COMPUTER CO.,LTD. EX-F1",1,0,,0,0
NIKON E995,3,8,,0,0
Canon PowerShot ELPH 160,1,0,,0,0
"FUJI PHOTO FILM CO.,LTD. / UnKnown DSC FDI Service / UnKnown Model",1,0,,0,0
Canon PowerShot A630,8,14,,0,0
Hasselblad Hasselblad H3D-39,2,0,,0,0
Panasonic DMC-SZ1,2,0,,0,0
Wolverine         COACH,1,0,,0,0
LG Electronics LG-H811,1,0,,0,0
HP pstc4200,2,0,,0,0
"OLYMPUS IMAGING CORP. FE170,X760",2,3,,0,0
HTC HTC One M8s,1,0,,0,0
Canon MP990 series,1,0,,0,0
Canon MG6100 series Network,1,0,,0,0
NIKON E2000,3,0,,0,0
Toshiba PDR-3320,1,0,,0,0
LTD.   PENTAX K-1         ,1,1,,0,0
samsung GT-I9505,2,6,,0,0
SONY DSC-S650,4,5,,0,0
SONY DSC-W5,7,6,,0,0
Apple iPad mini 2,2,2,,0,0
OnePlus ONEPLUS A5010,1,0,,0,0
Panasonic DMC-FT4,1,0,,0,0
FUJIFILM X-M1,3,14,,0,0
Sony F8331,1,1,,0,0
FUJIFILM FinePix S9800 S9850 S9750,1,4,,0,0
"OLYMPUS CORPORATION u10D,S300D,u300D",2,2,,0,0
SONY SLT-A33,2,7,,0,0
FUJIFILM FinePix S8200,2,2,,0,0
"CASIO COMPUTER CO.,LTD EX-Z50",1,0,,0,0
Google Pixel 6 Pro,1,0,,0,0
Panasonic DMC-ZS40,1,1,,0,0
SONY DSC-HX60V,3,8,,0,0
SONY C2105,1,0,,0,0
Canon PowerShot A490,2,5,,0,0
SONY DSC-N2,2,4,,0,0
samsung GT-I9100,1,1,,0,0
FUJIFILM FinePix J10,2,4,,0,0
DXG TECHNOLOGY CO.,1,0,,0,0
LTD. 10101,1,0,,0,0
FUJIFILM FinePix S4080,1,3,,0,0
HUAWEI LYA-L09,1,0,,0,0
Panasonic DMC-FS62,2,0,,0,0
Motorola Droid,1,0,,0,0
Panasonic DMC-FX8,4,0,,0,0
SONY DSC-P200,10,18,,0,0
SAMSUNG SCH-I535,3,2,,0,0
Apple iPhone 3G,4,6,,0,0
Olympus XA,1,0,,0,0
samsung SM-G850F,2,0,,0,0
Panasonic DMC-FX550,1,0,,0,0
Canon DIGITAL IXUS 900Ti,1,2,,0,0
ZTE ZTE A2017G,1,0,,0,0
GENERAL IMAGING CO. A1455,1,0,,0,0
NIKON COOLPIX L820   ,1,2,,0,0
WALTON Primo ZX2 mini,1,0,,0,0
SONY DSC-T200,2,4,,0,0
Sony Ericsson W890i,1,0,,0,0
SONY DSC-H1,8,16,,0,0
Samsung Techwin Digimax V70/a7,1,0,,0,0
Inc. DiMAGE Z2,2,3,,0,0
Canon PowerShot SX210 IS,6,15,,0,0
SONY DSC-W50,4,9,,0,0
HTC HTC One S,1,0,,0,0
Canon PowerShot S410,7,3,,0,0
NIKON COOLPIX AW120,1,3,,0,0
Samsung Techwin VLUU L210  / Samsung L210,3,2,,0,0
Canon PowerShot SD850 IS,4,12,,0,0
SIGMA SIGMA SD10,1,0,,0,0
"OLYMPUS IMAGING CORP. u1060,S1060",1,1,,0,0
"OLYMPUS IMAGING CORP.   u1060,S1060            ",1,0,,0,0
OLYMPUS IMAGING CORP.   E-P3            ,1,1,,0,0
"OLYMPUS IMAGING CORP. VR310,D720",1,0,,0,0
ZTEC79V1.0.0B17 Micron MT9M112 1.3MP YUV,1,0,,0,0
Canon PowerShot A3300 IS,1,4,,0,0
OLYMPUS IMAGING CORP.   SP600UZ                ,1,1,,0,0
FUJIFILM A100,1,0,,0,0
FUJIFILM FinePix F460,1,1,,0,0
Adobe Systems Inc. Tiff File,1,1,,0,0
Canon IXY 32S,1,0,,0,0
JVC GZ-MG750,1,0,,0,0
Canon PowerShot A2500,1,2,,0,0
"OLYMPUS OPTICAL CO.,LTD C200Z,D510Z",1,3,,0,0
HTC T-Mobile G2,1,0,,0,0
"OLYMPUS IMAGING CORP. FE270,X815,C510",1,3,,0,0
Samsung Techwin <KENOX S1050  / Samsung S1050>,1,1,,0,0
Motorola XT1069,1,0,,0,0
PENTAX Corporation PENTAX Optio S,2,3,,0,0
PENTAX Corporation  PENTAX K10D        ,3,6,,0,0
EASTMAN KODAK COMPANY KODAK CX7525 ZOOM DIGITAL CAMERA,2,0,,0,0
EPSON SX525WD/Office BX525WD,1,0,,0,0
SONY DSC-S60,4,1,,0,0
Canon MP260 series,1,0,,0,0
samsung SM-S908E,1,0,,0,0
bq Aquaris X,1,0,,0,0
LTD. GR                                                             ,1,0,,0,0
EASTMAN KODAK COMPANY KODAK EASYSHARE M863 DIGITAL CAMERA,1,0,,0,0
motorola moto g play (2021),1,0,,0,0
Canon PowerShot A400,2,4,,0,0
Graflex Pacemaker Crown Graphic,1,0,,0,0
EASTMAN KODAK COMPANY PIXPRO AZ522,1,0,,0,0
NIKON E2200,1,1,,0,0
OLYMPUS IMAGING CORP.   E-510           ,6,5,,0,0
Canon EOS Kiss X3,6,6,,0,0
SONY DSC-W17,1,0,,0,0
FUJIFILM FinePix F750EXR,1,1,,0,0
Canon PowerShot D10,4,2,,0,0
SONY DSC-RX1R,3,4,,0,0
FUJIFILM FinePix S9000,4,0,,0,0
HP ScanJet 3670,1,0,,0,0
KONICA MINOLTA  DYNAX 7D,2,0,,0,0
LG Electronics LGL86C,1,0,,0,0
Canon EOS Kiss X7i,1,1,,0,0
HUAWEI DLI-L22,1,0,,0,0
Canon PowerShot G3 X,1,9,,0,0
samsung SM-G955U,1,6,,0,0
vivo vivo 1611,1,0,,0,0
Canon K2,1,0,,0,0
FUJIFILM FinePix S5100,3,4,,0,0
SAMSUNG TECHWIN GX-1L,1,1,,0,0
Panasonic DMC-FS10,1,1,,0,0
Nikon LS-8000,1,1,,0,0
OLYMPUS CORPORATION TG-870,1,0,,0,0
SAMSUNG GT-I9100,3,7,,0,0
Canon EOS-1D,2,2,,0,0
HUAWEI BLA-L09,1,0,,0,0
SONY DSC-W180,3,3,,0,0
PENTAX PENTAX Optio WG-1 GPS,1,0,,0,0
SONY DSC-N1,4,6,,0,0
Applied Graphics Technologies Digital Link,1,1,,0,0
"OLYMPUS IMAGING CORP.   u-miniS,StylusVS",1,0,,0,0
"OLYMPUS OPTICAL CO.,LTD C4040Z",1,2,,0,0
SONY DSC-S90,2,4,,0,0
Canon DIGITAL IXUS 120 IS,1,1,,0,0
SAMSUNG NX210,1,0,,0,0
NIKON E5200,4,8,,0,0
Motorola VGA,1,0,,0,0
Canon PowerShot G1 X,4,8,,0,0
SAMSUNG SM-N910F,1,0,,0,0
Apple iPod Touch,1,0,,0,0
"OLYMPUS IMAGING CORP. C70Z,C7000Z",1,1,,0,0
EASTMAN KODAK COMPANY KODAK EasyShare Z980 Digital Camera,1,0,,0,0
Canon PowerShot A20,2,0,,0,0
Samsung Techwin <Samsung D70 / D75 / S730 / S750>,3,2,,0,0
SEIKO EPSON CORP. Stylus Photo RX620,1,0,,0,0
HUAWEI VOG-L09,1,0,,0,0
Panasonic DMC-FS5,1,3,,0,0
Sony SO-03H,1,0,,0,0
SAMSUNG GT-I9500,1,1,,0,0
FUJIFILM FinePix F610,1,0,,0,0
NIKON COOLPIX L28,1,1,,0,0
SONY DSC-V1,2,5,,0,0
HUAWEI CHC-U01,1,0,,0,0
samsung SM-J700F,1,1,,0,0
Canon TS3100 series,1,0,,0,0
Motorola MotoE2(4G-LTE),1,0,,0,0
HTC HTC One A9,1,0,,0,0
ALLVIEW V2_Viper_I_TM,1,0,,0,0
Canon EOS M2,1,1,,0,0
SONY DSC-W90,2,7,,0,0
OLYMPUS CORPORATION C770UZ,2,2,,0,0
SONY DSC-S750,2,3,,0,0
Hewlett-Packard hp photosmart 735,2,3,,0,0
SEIKO EPSON CORP. EPSON scanner,1,3,,0,0
RICOH Caplio R2,1,0,,0,0
Sony G8141,1,0,,0,0
FUJIFILM FinePix V10,1,0,,0,0
Hewlett-Packard HP PhotoSmart R707 (V01.00),2,0,,0,0
NIKON D90 NIKON D90,1,0,,0,0
OLYMPUS IMAGING CORP.   E-30            ,1,0,,0,0
Hewlett-Packard HP PhotoSmart C812 (V09.26),1,0,,0,0
HP Photosmart C3100 series,1,0,,0,0
Canon IXUS 500 HS,1,3,,0,0
OLYMPUS IMAGING CORP. PENTAX K100D Super,1,0,,0,0
EASTMAN KODAK COMPANY KODAK CX6330 ZOOM DIGITAL CAMERA,4,5,,0,0
"OLYMPUS OPTICAL CO.,LTD C2100UZ",1,3,,0,0
Samsung Techwin <Digimax S700 / Kenox S700 / Digimax Cyber 730>,1,1,,0,0
Ltd. DiMAGE 5,1,0,,0,0
Motorola XT1033,1,0,,0,0
EASTMAN KODAK COMPANY KODAK EASYSHARE ZD710 ZOOM DIGITAL CAMERA,3,5,,0,0
Canon PowerShot SD780 IS,3,7,,0,0
FUJIFILM FinePix JZ300,1,0,,0,0
"Asahi Optical Co.,Ltd. PENTAX Optio330RS",1,0,,0,0
Canon PowerShot A300,2,0,,0,0
EASTMAN KODAK COMPANY KODAK C340 ZOOM DIGITAL CAMERA,2,2,,0,0
NIKON COOLPIX S60,1,1,,0,0
FUJIFILM FinePix A370,1,1,,0,0
Motorola XT615,1,0,,0,0
Canon PowerShot SX280 HS,3,4,,0,0
NIKON COOLPIX S2900,1,2,,0,0
FUJIFILM FinePix E500,2,0,,0,0
OLYMPUS IMAGING CORP.   E-520           ,2,4,,0,0
EASTMAN KODAK COMPANY KODAK DX3900 ZOOM DIGITAL CAMERA,2,2,,0,0
FUJIFILM FinePix S4400,1,1,,0,0
LG Electronics LG-H870,1,0,,0,0
HP psc1500,1,1,,0,0
"OLYMPUS OPTICAL CO.,LTD X200,D560Z,C350Z",2,0,,0,0
SAMSUNG SM-N9005,3,5,,0,0
NIKON COOLPIX S8200,2,5,,0,0
Canon IXUS 220 HS,1,0,,0,0
OLYMPUS IMAGING CORP. SZ-30MR,2,0,,0,0
SAMSUNG GT-I9506,2,1,,0,0
OLYMPUS IMAGING CORP.   E-5             ,1,1,,0,0
SONY DSC-P72,5,7,,0,0
Hewlett-Packard HP Photosmart M537,2,1,,0,0
PENTAX Corporation PENTAX Optio 450,1,0,,0,0
Panasonic DMC-ZS7,1,2,,0,0
OLYMPUS IMAGING CORP. SP600UZ,1,4,,0,0
Xiaomi Redmi 4,1,0,,0,0
FUJIFILM FinePix HS25EXR,2,5,,0,0
FUJIFILM FinePix J20,1,0,,0,0
NIKON COOLPIX AW110,2,3,,0,0
OLYMPUS IMAGING CORP.   SP550UZ                ,2,3,,0,0
Hewlett-Packard HP Photosmart M22 (V01.00),1,0,,0,0
LEICA V-LUX 1,1,5,,0,0
EASTMAN KODAK COMPANY KODAK EASYSHARE C190 DIGITAL CAMERA,1,1,,0,0
Samsung Techwin VLUU L100,2,0,,0,0
M100  / Samsung L100,2,0,,0,0
M100,2,0,,0,0
OLYMPUS IMAGING CORP.   E-M10           ,1,1,,0,0
PIE PS3600,1,0,,0,0
PENTAX PENTAX K1000,1,0,,0,0
"OLYMPUS IMAGING CORP. u720SW,S720SW",3,1,,0,0
Prestigio Prestigio,1,0,,0,0
NIKON COOLPIX S3500,3,4,,0,0
Canon PowerShot ELPH 180,1,1,,0,0
NIKON COOLPIX S3700,2,1,,0,0
Hewlett-Packard HP PhotoSmart 318,1,0,,0,0
Nikon LS-9000,1,5,,0,0
Panasonic DMC-FX150,1,1,,0,0
Canon PowerShot A85,4,8,,0,0
OLYMPUS IMAGING CORP. E-400,1,5,,0,0
RICOH Caplio R30,1,0,,0,0
NIKON COOLPIX P80  ,3,4,,0,0
Motorola XT1058,1,0,,0,0
"CASIO COMPUTER CO.,LTD. EX-Z1200   ",1,0,,0,0
NIKON E3200,6,8,,0,0
HP Scanjet 4800,2,0,,0,0
NIKON COOLPIX L100 ,2,0,,0,0
Panasonic DMC-GH3,3,14,,0,0
KONICA MINOLTA  ALPHA-7 DIGITAL,1,0,,0,0
"OLYMPUS IMAGING CORP. C180,D435",1,2,,0,0
Canon PowerShot SD1200 IS,4,9,,0,0
EASTMAN KODAK COMPANY KODAK Z885 ZOOM DIGITAL CAMERA,1,1,,0,0
SONY DSC-M1,1,0,,0,0
Canon PowerShot SX500 IS,2,7,,0,0
HUAWEI HUAWEI W1,1,0,,0,0
SONY DSC-T20,2,4,,0,0
Panasonic DMC-FZ10,1,3,,0,0
SAMSUNG GT-S8500,1,1,,0,0
Panasonic DMC-FX10,2,2,,0,0
FUJIFILM FinePix Z1     ,1,2,,0,0
SAMSUNG SAMSUNG ST500 / SAMSUNG ST510 / VLUU ST500 / SAMSUNG TL220,2,0,,0,0
SONY DSC-P92,3,3,,0,0
SONY DSC-T50,3,1,,0,0
SONY DSC-P10,2,6,,0,0
Sony C6603,1,1,,0,0
BenQ DC E600,1,0,,0,0
EASTMAN KODAK COMPANY KODAK EASYSHARE C653 ZOOM DIGITAL CAMERA,2,1,,0,0
SONY DSC-W130,1,3,,0,0
SAMSUNG SAMSUNG ST65 / VLUU ST65 / SAMSUNG ST67,1,0,,0,0
LOMO LC-A,1,0,,0,0
FUJIFILM FinePix2800ZOOM,2,2,,0,0
LTD. RICOH WG-60,1,0,,0,0
FUJIFILM FinePix S9100  ,1,1,,0,0
FUJIFILM FinePix S9400W S9450W,1,0,,0,0
SAMSUNG SM-G531M,1,0,,0,0
SHARP VE-CG30,1,0,,0,0
Canon DIGITAL IXUS 430,2,2,,0,0
Canon EOS Rebel T7,2,0,,0,0
FUJIFILM FinePix A500,1,1,,0,0
"OLYMPUS IMAGING CORP. FE-120,X-700",1,1,,0,0
Canon PowerShot A420,3,2,,0,0
Panasonic DMC-FH25,3,1,,0,0
NIKON COOLPIX S510,1,1,,0,0
NIKON COOLPIX S8100,4,3,,0,0
samsung SM-G960U,1,1,,0,0
samsung SM-J327W,1,0,,0,0
Xiaomi Redmi Note 5,1,1,,0,0
Hipstamatic 231,2,0,,0,0
Sony Ericsson V600i,1,0,,0,0
NIKON D80,1,1,,0,0
FUJIFILM FinePix S7000,5,11,,0,0
NIKON COOLPIX P7100,1,4,,0,0
Supra DC-XZ6,1,0,,0,0
Hipstamatic 235,1,0,,0,0
"CASIO COMPUTER CO.,LTD. EX-Z75",4,0,,0,0
SONY D2005,1,0,,0,0
Sony C5303,2,0,,0,0
SONY DSC-WX9,1,1,,0,0
FUJIFILM FinePix XP120 XP121 XP125,1,0,,0,0
Panasonic DMC-FS15,1,4,,0,0
Polaroid Polaroid i532,1,0,,0,0
Panasonic DMC-LZ2,2,2,,0,0
SIGMA SIGMA DP2,1,5,,0,0
"OLYMPUS CORPORATION X100,D540Z,C310Z",3,7,,0,0
KONICA MINOLTA DiMAGE A200,3,4,,0,0
Nokia N73,4,4,,0,0
SAMSUNG SGH-I747M,1,0,,0,0
Panasonic DMC-LX1,1,2,,0,0
Canon PowerShot N2,1,0,,0,0
SONY DSC-W110,1,1,,0,0
PENTAX Corporation PENTAX Optio L40,1,0,,0,0
SONY DSC-TX10,1,1,,0,0
KONICA MINOLTA ALPHA SWEET DIGITAL,1,1,,0,0
Samsung Digimax 301,1,0,,0,0
Canon EOS 850D,1,1,,0,0
Canon PowerShot SD950 IS,1,1,,0,0
EASTMAN KODAK COMPANY KODAK EASYSHARE Z1012 IS Digital Camera,3,2,,0,0
SAMSUNG GT-I9100T,1,0,,0,0
Panasonic DMC-FS6,1,0,,0,0
EASTMAN KODAK COMPANY KODAK DX6490 ZOOM DIGITAL CAMERA,5,8,,0,0
NIKON CORPORATION D2Xs,1,5,,0,0
Epson PerfectionV330,1,0,,0,0
NIKON COOLPIX S600,1,1,,0,0
"CASIO COMPUTER CO.,LTD  EX-Z750",1,0,,0,0
NIKON COOLPIX S560,3,1,,0,0
SAMSUNG ST72/ST73,1,0,,0,0
Canon DIGITAL IXUS 90 IS,1,6,,0,0
EASTMAN KODAK COMPANY KODAK LS753 ZOOM DIGITAL CAMERA,3,2,,0,0
EASTMAN KODAK COMPANY KODAK EASYSHARE C533 ZOOM DIGITAL CAMERA,3,2,,0,0
NIKON COOLPIX P300,2,7,,0,0
Motorola MOTWX435KT,1,0,,0,0
"OLYMPUS IMAGING CORP. FE110,X705",1,1,,0,0
Eastman Kodak Company KODAK DIGITAL SCIENCE DC260 (V01.00),1,0,,0,0
KONICA MINOLTA DiMAGE X31,1,1,,0,0
SAMSUNG SAMSUNG PL150 / VLUU PL150 / SAMSUNG TL210 / SAMSUNG PL151,2,0,,0,0
PENTAX Corporation PENTAX Optio 555,3,2,,0,0
Eastman Kodak Company Kodak CLAS Digital Film Scanner / HR200,2,2,,0,0
Canon PowerShot A570 IS,3,8,,0,0
"CASIO COMPUTER CO.,LTD. EX-FH20",1,0,,0,0
Panasonic DMC-FX01,1,4,,0,0
HP ScanJet 4600,1,0,,0,0
OLYMPUS CORPORATION C760UZ,1,5,,0,0
EASTMAN KODAK COMPANY KODAK DX4530 ZOOM DIGITAL CAMERA,3,3,,0,0
Canon PowerShot ELPH 130 IS,2,1,,0,0
Canon DIGITAL IXUS 400,3,3,,0,0
NIKON COOLPIX AW100,2,2,,0,0
Canon PowerShot A410,1,4,,0,0
FUJIFILM FinePix2650,2,1,,0,0
Canon EOS D30,2,1,,0,0
SANYO Electric Co.,2,2,,0,0
Ltd. S1070,1,0,,0,0
LEICA CAMERA AG LEICA X2,1,3,,0,0
SAMSUNG SM-G900F,2,6,,0,0
SONY DSC-H70,4,2,,0,0
Nokia Lumia 520,1,2,,0,0
"OLYMPUS OPTICAL CO.,LTD C700UZ",3,3,,0,0
NIKON COOLPIX S210,2,6,,0,0
OLYMPUS IMAGING CORP. FE190/X750,1,2,,0,0
"SANYO Electric Co.,Ltd. DSC-MZ3 ",1,0,,0,0
Panasonic  DMC-FZ28,1,0,,0,0
HP Officejet Pro L7500,1,0,,0,0
NIKON E8400,2,4,,0,0
SAMSUNG SAMSUNG WB2200F,1,0,,0,0
LEICA D-LUX 5,1,3,,0,0
"OLYMPUS IMAGING CORP.   u740,S740       ",1,0,,0,0
Sony Ericsson LT26w,1,0,,0,0
Retro Camera Android The Pinhole,1,0,,0,0
KONICA MINOLTA MAXXUM 5D,2,4,,0,0
WIKO RAINBOW LITE,1,0,,0,0
GoPro HERO3+ Silver Edition,1,0,,0,0
NIKON COOLPIX L23,1,0,,0,0
Ltd. DiMAGE S414,3,2,,0,0
Canon PowerShot SX110 IS,4,25,,0,0
NIKON COOLPIX L120   ,1,0,,0,0
Canon PowerShot SX610 HS,1,8,,0,0
SAMSUNG TECHWIN Co. SAMSUNG GX20,2,1,,0,0
Leica Camera AG LEICA M MONOCHROM (Typ 246),1,1,,0,0
FUJIFILM FinePix S2800HD,1,0,,0,0
Meizu M6 Note,1,0,,0,0
FUJIFILM FinePix A210  ,1,0,,0,0
Canon AE-1 Program,1,0,,0,0
NIKON COOLPIX S10,1,2,,0,0
Canon CanoScan 9950F,1,0,,0,0
EASTMAN KODAK COMPANY KODAK CD33 ZOOM DIGITAL CAMERA,1,0,,0,0
OLYMPUS IMAGING CORP.   E-3             ,2,3,,0,0
SONY DSC-W620,1,0,,0,0
Canon IXUS 115 HS,1,0,,0,0
"CASIO COMPUTER CO.,LTD. EX-Z100",2,0,,0,0
Canon PowerShot G5,6,10,,0,0
SONY DSC-W730,1,0,,0,0
NIKON COOLPIX L3,4,2,,0,0
CAMERA 8MP-9U4,1,0,,0,0
NIKON CORPORATION 1 V2,1,5,,0,0
PENTAX Corporation  PENTAX *ist DS2    ,1,0,,0,0
GoPro YHDC5170,1,0,,0,0
PENTAX Corporation PENTAX Optio M40,1,0,,0,0
SONY DSC-T30,2,2,,0,0
SONY DCR-HC94E,1,0,,0,0
"OLYMPUS OPTICAL CO.,LTD C960Z,D460Z",2,1,,0,0
FUJIFILM FinePix S3Pro,1,2,,0,0
SONY DSC-WX50,1,0,,0,0
SONY DSC-W370,1,1,,0,0
"OLYMPUS IMAGING CORP. u840,S840",1,0,,0,0
"OLYMPUS OPTICAL CO.,LTD C2Z,D520Z,C220Z",2,3,,0,0
"OLYMPUS IMAGING CORP. X550,D545Z,C480Z",2,1,,0,0
FUJIFILM X-A2,2,1,,0,0
LG Electronics LG-E400,1,0,,0,0
FUJIFILM FinePix HS35EXR,1,1,,0,0
Sony Ericsson C905,1,2,,0,0
OLYMPUS IMAGING CORP.   FE230/X790             ,1,0,,0,0
SHARP SH-01F,1,0,,0,0
EASTMAN KODAK COMPANY KODAK DX6340 ZOOM DIGITAL CAMERA,3,1,,0,0
"OLYMPUS IMAGING CORP. FE170,X760,C505",1,0,,0,0
"OLYMPUS OPTICAL CO.,LTD C150,D390",1,1,,0,0
SONY DSC-WX200,2,1,,0,0
NIKON COOLPIX AW130,1,3,,0,0
Sony G3121,1,0,,0,0
POLAROID PDC 3080,1,0,,0,0
RICOH       RICOH R8       ,1,0,,0,0
Canon PowerShot SD20,1,0,,0,0
Canon MX340 series,1,0,,0,0
Nokia 6630,1,0,,0,0
FUJIFILM FinePix S1600,1,2,,0,0
OLYMPUS IMAGING CORP. IR-300,1,1,,0,0
Research In Motion BlackBerry 9550,1,0,,0,0
"CASIO COMPUTER CO.,LTD. EX-Z500",1,1,,0,0
"OLYMPUS CORPORATION X300,D565Z,C450Z",1,1,,0,0
NIKON COOLPIX L10,2,5,,0,0
Sony Ericsson K750i,4,3,,0,0
SONY DSC-W70,6,10,,0,0
"CASIO COMPUTER CO.,LTD. EX-H20G",1,0,,0,0
HP ScanJet 4070,1,1,,0,0
Ltd. DiMAGE Xt,2,4,,0,0
PENTAX              PENTAX K20D        ,1,2,,0,0
Nokia 5800 Xpres,3,4,,0,0
NIKON D50,1,0,,0,0
PENTAX Corporation PENTAX ME,1,0,,0,0
"OLYMPUS CORPORATION X400,D580Z,C460Z",2,2,,0,0
motorola DROID BIONIC,1,0,,0,0
HTC HTC Desire HD A9191,1,0,,0,0
Canon PowerShot A450,2,0,,0,0
EASTMAN KODAK COMPANY KODAK EASYSHARE C182 Digital Camera,2,3,,0,0
Nokia Lumia 925,1,2,,0,0
LG Electronics LG-X240,1,0,,0,0
SONY DCR-TRV350,1,0,,0,0
Canon  PowerShot G10,1,0,,0,0
SAMSUNG NX1000,1,4,,0,0
PENTAX Corporation PENTAX Optio A10,2,1,,0,0
SAMSUNG SM-T520,1,0,,0,0
OLYMPUS IMAGING CORP. SP700,1,0,,0,0
EASTMAN KODAK COMPANY KODAK EASYSHARE M1063 DIGITAL CAMERA,3,2,,0,0
Zorki C,1,0,,0,0
SONY DSC-WX80,1,2,,0,0
SONY DSC-H3,4,10,,0,0
Samsung Digimax 201,2,0,,0,0
NIKON COOLPIX S52,1,1,,0,0
PENTACON DCZ 5.5,1,0,,0,0
FUJIFILM FinePix XP65/Walmart,1,0,,0,0
PENTAX RICOH IMAGING GR,1,4,,0,0
RICOH Caplio G4 wide,1,0,,0,0
Canon PowerShot S200,4,3,,0,0
Panasonic DMC-FX55,1,1,,0,0
FUJIFILM FinePix AV120,2,0,,0,0
EASTMAN KODAK COMPANY KODAK EASYSHARE Sport Camera,1,0,,0,0
C135,1,0,,0,0
SONY DSC-W125,1,0,,0,0
Hewlett-Packard HP PhotoSmart R725  (V01.00),1,1,,0,0
NIKON COOLPIX S2700,1,1,,0,0
LTD. Digimax L50 / KENOX X1,1,0,,0,0
LG Electronics,2,0,,0,0
Inc. LG-VX8360,1,0,,0,0
Canon MP550 series,1,1,,0,0
Panasonic DMC-TZ9,1,0,,0,0
Panasonic DMC-LS75,2,0,,0,0
FUJIFILM FinePix A205S,1,0,,0,0
"OLYMPUS IMAGING CORP. u1020,S1020",1,0,,0,0
EASTMAN KODAK COMPANY KODAK EASYSHARE CX6200 DIGITAL CAMERA,1,2,,0,0
"SANYO Electric Co.,Ltd. J4",1,1,,0,0
Panasonic PV-GS250,1,0,,0,0
Canon PowerShot SD450,4,16,,0,0
samsung SM-G998B,1,0,,0,0
Canon PowerShot ELPH 330 HS,1,5,,0,0
RIM BlackBerry 8100 Series,1,0,,0,0
NIKON E775,1,1,,0,0
"OLYMPUS IMAGING CORP.   u1030SW,S1030SW ",1,0,,0,0
Corelogic SAMSUNG,1,0,,0,0
SONY  DSLR-A330,1,3,,0,0
OLYMPUS IMAGING CORP. TG-830,1,0,,0,0
"OLYMPUS IMAGING CORP. FE320,X835,C540",1,2,,0,0
asus Nexus 7,1,0,,0,0
Panasonic DMC-ZS9,1,0,,0,0
NIKON COOLPIX S220,2,6,,0,0
RICOH GR Digital,3,4,,0,0
SONY DSC-S600,3,7,,0,0
SONY MVC-CD500,1,0,,0,0
Ltd. DiMAGE Z1,3,4,,0,0
"OLYMPUS IMAGING CORP. FE20,X15,C25",2,0,,0,0
Canon PowerShot SD1400 IS,3,9,,0,0
NIKON COOLPIX S7c,1,2,,0,0
Canon 8400F,1,0,,0,0
"OLYMPUS OPTICAL CO.,LTD C4100Z,C4000Z",3,7,,0,0
OLYMPUS IMAGING CORP. u730/S730,1,0,,0,0
SAMSUNG SAMSUNG-SGH-I337,2,1,,0,0
Hewlett-Packard Company HP PhotoSmart 715,1,2,,0,0
NIKON E7900,3,3,,0,0
SAMSUNG SCH-i920,1,0,,0,0
NIKON COOLPIX L19,1,1,,0,0
FUJIFILM A860,1,1,,0,0
Panasonic DMC-FX60,1,1,,0,0
Motorola XT1254,1,4,,0,0
"OLYMPUS IMAGING CORP. u760,S760",1,1,,0,0
Toshiba PDR-M25,1,0,,0,0
Canon DIGITAL IXUS 750,2,7,,0,0
Zoran Corporation COACH,1,3,,0,0
HUAWEI ELE-L09,1,0,,0,0
"OLYMPUS OPTICAL CO.,LTD C2,D230",1,1,,0,0
OLYMPUS IMAGING CORP.   E-PM1           ,1,1,,0,0
"CASIO COMPUTER CO.,LTD. EX-Z600",2,1,,0,0
NIKON COOLPIX S700,1,0,,0,0
SONY DSC-T7,5,1,,0,0
EASTMAN KODAK COMPANY KODAK CX4200 DIGITAL CAMERA,1,0,,0,0
SONY DSC-W330,1,3,,0,0
Samsung Techwin co.,3,3,,0,0
Ltd. Digimax A503 / Kenox D503,3,2,,0,0
RICOH CX3,1,0,,0,0
SAMSUNG TECHWIN Co. SAMSUNG GX10       ,1,1,,0,0
Canon IXY DIGITAL 800 IS,1,1,,0,0
"OLYMPUS OPTICAL CO.,LTD C120,D380",1,0,,0,0
FUJIFILM FinePix JV170,1,0,,0,0
Motorola XT1052,1,0,,0,0
Panasonic DMC-LC50,1,1,,0,0
EASTMAN KODAK COMPANY KODAK V570 DUAL LENS DIGITAL CAMERA,1,1,,0,0
Inc. LG-LG290C,1,0,,0,0
"OLYMPUS IMAGING CORP. VG130,D710",1,0,,0,0
HDR Studio,1,0,,0,0
EASTMAN KODAK COMPANY KODAK C360 ZOOM DIGITAL CAMERA,1,2,,0,0
HTC PC36100,1,2,,0,0
EASTMAN KODAK COMPANY KODAK EASYSHARE C315 DIGITAL CAMERA,2,3,,0,0
SONY HANDYCAM,1,0,,0,0
SunplusMM Spca1528,1,0,,0,0
"OLYMPUS IMAGING CORP. VG145,VG140,D715",1,0,,0,0
NIKON D3000,1,1,,0,0
SONY DCR-TRV30,1,0,,0,0
NIKON E885,1,1,,0,0
NIKON COOLPIX L16,2,2,,0,0
Sony C6916,1,0,,0,0
Microsoft Lumia 950 XL,1,1,,0,0
Panasonic PHOTOfunSTUDIO 8.3 PE,1,0,,0,0
Canon MP980 series,1,0,,0,0
Vivitar Corporation Vivicam 8300s,1,0,,0,0
Canon PowerShot S60,4,2,,0,0
SAMSUNG SCH-U960,1,1,,0,0
"CASIO COMPUTER CO.,LTD  EX-Z40 ",1,0,,0,0
EASTMAN KODAK COMPANY KODAK DC3400 ZOOM DIGITAL CAMERA,1,3,,0,0
Panasonic DMC-FP2,1,0,,0,0
Canon PowerShot SD100,2,3,,0,0
SONY DSC-S950,2,3,,0,0
NIKON E990,2,5,,0,0
Canon IXY DIGITAL 910 IS,2,3,,0,0
Sony Ericsson W980,1,0,,0,0
CASIO QV-4000,1,0,,0,0
HTC ADR6300,2,2,,0,0
Canon PowerShot SD770 IS,1,1,,0,0
Canon PowerShot S45,2,3,,0,0
FUJIFILM FinePix A400,1,0,,0,0
Panasonic DMC-FS8,1,0,,0,0
KONICA MINOLTA CAMERA,1,0,,0,0
Inc. Revio KD-420Z,1,0,,0,0
FUJIFILM FinePix J110W,1,0,,0,0
LEICA D-LUX 6,1,5,,0,0
Vivitar Vivicam4000,1,0,,0,0
NIKON COOLPIX P2,1,4,,0,0
samsung SM-A320FL,1,1,,0,0
SONY DSC-HX100V             ,1,2,,0,0
Nokia 6680,1,2,,0,0
Nokia E51,1,0,,0,0
Panasonic DMC-TZ4,3,1,,0,0
"Amazon Kindle Fire HDX 8.9""",1,0,,0,0
samsung SM-G570F,1,0,,0,0
FUJIFILM DX-10,1,0,,0,0
GEDSC IMAGING CORP. A735,1,2,,0,0
"OLYMPUS IMAGING CORP. FE210,X775",2,4,,0,0
NIKON E4600,3,13,,0,0
OLYMPUS IMAGING CORP. CYBERSHOT,1,0,,0,0
"OLYMPUS IMAGING CORP. FE340,X855,C560",1,2,,0,0
General Imaging Co. A730,1,0,,0,0
KONICA MINOLTA DiMAGE X60,1,1,,0,0
FUJIFILM FinePix AX655,1,1,,0,0
OLYMPUS IMAGING CORP. E-300,1,14,,0,0
"OLYMPUS IMAGING CORP. u770SW,S770SW",1,0,,0,0
Panasonic DMC-FX3,1,3,,0,0
EASTMAN KODAK COMPANY KODAK EASYSHARE Z8612 IS Digital Camera,1,6,,0,0
SAMSUNG SCH-R760,1,0,,0,0
NIKON COOLPIX L27,1,0,,0,0
"OLYMPUS IMAGING CORP. u-miniS,StylusVS",1,0,,0,0
Canon PowerShot SD4000 IS,1,3,,0,0
Canon TS3400 series,1,0,,0,0
SONY DSC-P43,1,1,,0,0
"CASIO COMPUTER CO.,LTD. EX-Z29",1,0,,0,0
TOSHIBA PDRM70,1,0,,0,0
NIKON E950,2,1,,0,0
NIKON CORPORATION D40 / Sigma 18~200mm f3.5-6.3 DC,1,0,,0,0
Ltd. VPC-T700,1,0,,0,0
Canon CanoScan 4400F,1,0,,0,0
HTC HTC Vision,1,0,,0,0
"OLYMPUS IMAGING CORP. FE160,X735",1,0,,0,0
"CASIO COMPUTER CO.,LTD EX-Z57",1,3,,0,0
SAMSUNG SAMSUNG I8510,1,0,,0,0
"OLYMPUS IMAGING CORP. FE-130,X-720",1,0,,0,0
FUJIFILM FinePix XP10,1,1,,0,0
HUAWEI VTR-L29,1,1,,0,0
OLYMPUS CORPORATION C750UZ,1,1,,0,0
"CASIO COMPUTER CO.,LTD. EX-Z120",1,1,,0,0
Canon DIGITAL IXUS 700,1,2,,0,0
EASTMAN KODAK COMPANY KODAK P880 ZOOM DIGITAL CAMERA,2,1,,0,0
SIGMA SIGMA dp0 Quattro,1,3,,0,0
EASTMAN KODAK COMPANY KODAK EASYSHARE CX6230 ZOOM DIGITAL CAMERA,1,2,,0,0
SAMSUNG GT-C3350,1,0,,0,0
Sony Ericsson E15i,1,0,,0,0
"OLYMPUS OPTICAL CO.,LTD C3100Z,C3020Z",2,2,,0,0
SAMSUNG SGH-I717,1,0,,0,0
EASTMAN KODAK COMPANY KODAK Z700 ZOOM DIGITAL CAMERA,1,3,,0,0
Panasonic DMC-TZ2,1,0,,0,0
PENTAX Corporation  PENTAX K200D       ,1,2,,0,0
Canon MP480 series,1,0,,0,0
PENTAX Corporation PENTAX Optio M20,1,0,,0,0
"CASIO COMPUTER CO.,LTD. EX-Z80",2,1,,0,0
Samsung Techwin <KENOX S860  / Samsung S860>,1,1,,0,0
FUJIFILM FinePix6900ZOOM,1,1,,0,0
NIKON COOLPIX P100   ,1,1,,0,0
samsung SM-G935U,1,0,,0,0
Panasonic DMC-FH1,1,0,,0,0
FUJIFILM FinePix F70EXR,3,1,,0,0
Canon DCR-PC110E,1,0,,0,0
SAMSUNG SM-G386T1,1,0,,0,0
FUJIFILM FinePix F11,1,1,,0,0
google Nexus One,1,0,,0,0
Hewlett-Packard Photosmart M407,2,3,,0,0
Canon PowerShot SD300,2,9,,0,0
"CASIO COMPUTER CO.,LTD. EX-Z77",1,0,,0,0
Samsung Techwin <KENOX S730  / Samsung S730>,1,3,,0,0
Canon CanoScan 5600F,1,0,,0,0
Konica Corporation Konica Digital Camera KD-310Z,1,0,,0,0
"OLYMPUS OPTICAL CO.,LTD C720UZ",1,1,,0,0
Panasonic DC-GH6,1,0,,0,0
FUJIFILM FinePix AV130,1,0,,0,0
EASTMAN KODAK COMPANY KODAK EASYSHARE M883 ZOOM DIGITAL CAMERA,1,1,,0,0
Supra Super Slim XS80,1,0,,0,0
SAMSUNG GT-I9000,1,4,,0,0
SAMSUNG DV150F/DV151F/DV155F,1,1,,0,0
PENTAX Corporation PENTAX Optio W10,2,3,,0,0
FUJIFILM Corporation Frontier SP-3000,1,6,,0,0
Canon PowerShot A580,3,1,,0,0
"CASIO COMPUTER CO.,LTD EX-P700",1,1,,0,0
NIKON COOLPIX S5100,1,0,,0,0
Sony Ericsson LT26i,1,1,,0,0
SONY DSC-P93,1,0,,0,0
Canon IXY DIGITAL 920 IS,1,0,,0,0
SONY DSLR-A290,2,3,,0,0
SAMSUNG WB150 / WB150F / WB152 / WB152F / WB151 / WB151F / WB140,1,2,,0,0
PENTAX Corporation PENTAX Optio M50,1,1,,0,0
Canon PowerShot ELPH 520 HS,2,3,,0,0
FUJIFILM FinePix S304,1,1,,0,0
SONY DSC-W300,2,6,,0,0
Samsung Galaxy Nexus,2,3,,0,0
Samsung GT-S5230,1,0,,0,0
RICOH Caplio R6,1,0,,0,0
Canon PowerShot ELPH 310 HS,1,3,,0,0
HTC-8900 HTC-8900,1,0,,0,0
"OLYMPUS OPTICAL CO.,LTD C300Z,D550Z",2,3,,0,0
NIKON CORPORATION D1X,1,2,,0,0
Hewlett-Packard HP PhotoSmart R507 (V01.00)d,2,0,,0,0
Panasonic DMC-FX37,2,1,,0,0
Panasonic DMC-TS4,1,0,,0,0
Canon DIGITAL IXUS 860 IS,1,2,,0,0
EASTMAN KODAK COMPANY KODAK V603 ZOOM DIGITAL CAMERA,2,0,,0,0
NIKON COOLPIX L20,2,4,,0,0
DV3300 DV3300,1,0,,0,0
"OLYMPUS IMAGING CORP. C55Z,C5500Z",1,0,,0,0
FUJIFILM FinePix S5200,1,4,,0,0
NIKON COOLPIX P50,2,3,,0,0
General Imaging Co. G2,1,0,,0,0
Canon PowerShot SD960 IS,1,1,,0,0
SONY DSC-T10,1,4,,0,0
GENERAL IMAGING CO. X5,1,1,,0,0
OLYMPUS IMAGING CORP. FE230/X790,1,3,,0,0
OLYMPUS IMAGING CORP.   E-300           ,1,2,,0,0
SAMSUNG GT-S5830,1,1,,0,0
Panasonic DMC-TZ50,1,0,,0,0
SANYO Electric Co. Ltd. T1496,1,0,,0,0
LTD. Samsung S850,2,3,,0,0
Motorola DROID2 2b5a0021fff80000015d9eef04011015,1,0,,0,0
"CASIO COMPUTER CO.,LTD. EX-Z550",1,0,,0,0
HTC HTC_0P6B,1,0,,0,0
Canon PowerShot SD200,1,3,,0,0
Polaroid A500C,1,0,,0,0
"CASIO COMPUTER CO.,LTD. EX-Z2",1,0,,0,0
CoreLogic SAMSUNG,1,0,,0,0
RICOH Caplio R1V,1,0,,0,0
"OLYMPUS IMAGING CORP. u9000,S9000",1,0,,0,0
Canon IXY DIGITAL 400,1,0,,0,0
"SANYO Electric Co.,Ltd. S50 ",1,0,,0,0
EASTMAN KODAK COMPANY KODAK C875 ZOOM DIGITAL CAMERA,1,2,,0,0
Hewlett-Packard HP Photosmart M23 (V01.00),1,0,,0,0
HTC HTC Glacier,1,1,,0,0
GENERAL IMAGING CO. A1255,1,1,,0,0
Hasselblad Hasselblad H2D-39,1,1,,0,0
SONY DSC-W12,1,1,,0,0
NIKON COOLPIX P310,1,1,,0,0
"CASIO COMPUTER CO.,LTD. EX-F1      ",1,0,,0,0
Canon DIGITAL IXUS 800 IS,1,6,,0,0
Officejet 7610 series,1,0,,0,0
"OLYMPUS IMAGING CORP. FE280,X820,C520",4,5,,0,0
"SANYO Electric Co.,Ltd. HD1010",1,1,,0,0
Panasonic DMC-LZ3,1,3,,0,0
Hewlett-Packard Photosmart M627,1,0,,0,0
FUJIFILM FinePix F660EXR,1,0,,0,0
FUJIFILM FinePix S6000fd,2,2,,0,0
NIKON COOLPIX L110   ,2,0,,0,0
WALTON Primo RM2 mini,1,0,,0,0
Canon IXY DIGITAL WIRELESS,1,0,,0,0
samsung SM-G900V,1,5,,0,0
motorola DROID RAZR,1,0,,0,0
FUJIFILM FinePix F480,1,3,,0,0
EASTMAN KODAK COMPANY KODAK Z730 ZOOM DIGITAL CAMERA,2,3,,0,0
SAMSUNG ES90/ ES91,1,0,,0,0
HP psc1600,1,0,,0,0
SAMSUNG GT-I9210T,1,0,,0,0
Canon PowerShot A2100 IS,1,2,,0,0
"CASIO COMPUTER CO.,LTD. EX-S500",3,3,,0,0
Hipstamatic 201,1,2,,0,0
Digital Camera 6MP-9FS,1,0,,0,0
SONY CD MAVICA,3,2,,0,0
Research In Motion BlackBerry 8900,2,0,,0,0
Canon PowerShot SD400,3,9,,0,0
HUAWEI PLK-L01,2,0,,0,0
"Apple iPhone8,1",1,0,,0,0
Digital Camera 6MP-9Y8,1,0,,0,0
LG Electronics VX11000,1,0,,0,0
KONICA MINOLTA DiMAGE Z10,1,1,,0,0
"CASIO COMPUTER CO.,LTD QV-R40",1,1,,0,0
KONICA MINOLTA  DiMAGE Z5,1,1,,0,0
ADPK CD500M5,1,0,,0,0
EASTMAN KODAK COMPANY KODAK EASYSHARE M753 ZOOM DIGITAL CAMERA,1,2,,0,0
DoCoMo P905i,1,0,,0,0
google Nexus S,1,1,,0,0
"OLYMPUS OPTICAL CO.,LTD C5050Z",2,3,,0,0
SONY DSC-W650,2,0,,0,0
SAMSUNG SAMSUNG PL100 / SAMSUNG TL205 / VLUU PL100 / SAMSUNG PL101,1,1,,0,0
OLYMPUS E-30,1,0,,0,0
"OLYMPUS OPTICAL CO.,LTD C990Z,D490Z",1,2,,0,0
Panasonic DMC-FZ60,1,0,,0,0
SONY DSC-W610,1,2,,0,0
Nokia 5300,1,0,,0,0
RICOH CX1,2,1,,0,0
SONY DSC-S980,2,0,,0,0
EPSON Perfection V600,1,0,,0,0
"CASIO COMPUTER CO.,LTD. EX-Z850",1,2,,0,0
PENTAX Corporation  PENTAX K100D       ,1,2,,0,0
NIKON E4200,2,3,,0,0
SAMSUNG WB250F,1,0,,0,0
"SAMSUNG SAMSUNG ES55,ES57 / VLUU ES55 / SAMSUNG SL102",1,3,,0,0
EASTMAN KODAK COMPANY KODAK EASYSHARE C643 ZOOM DIGITAL CAMERA,1,1,,0,0
Hewlett-Packard Photosmart M307,1,1,,0,0
"OLYMPUS CORPORATION u20D,S400D,u400D",1,1,,0,0
"CASIO COMPUTER CO.,LTD EX-Z3",1,2,,0,0
"SANYO Electric Co.,Ltd XXXX",1,0,,0,0
EASTMAN KODAK COMPANY KODAK EASYSHARE C913 DIGITAL CAMERA,1,2,,0,0
Xiaomi MI 8,1,0,,0,0
OLYMPUS IMAGING CORP. E-PL2,3,6,,0,0
FUJIFILM FinePix A310,1,0,,0,0
HTC ADR6400L,1,0,,0,0
PENTAX Corporation PENTAX *ist DL2,2,1,,0,0
EASTMAN KODAK COMPANY KODAK LS633 ZOOM DIGITAL CAMERA,1,0,,0,0
Nokia N95 8GB,2,1,,0,0
Polyphony Digital Inc. Gran Turismo 5,1,1,,0,0
FUJIFILM FinePix Z5fd,1,0,,0,0
PENTAX Corporation PENTAX Optio S60,1,0,,0,0
SAMSUNG TECHWIN NV20,1,0,,0,0
VLUU NV20,1,0,,0,0
EPSON Perfection V500,1,0,,0,0
SONY DSC-WX7,1,1,,0,0
SAMSUNG SM-N900P,1,0,,0,0
"SAMSUNG SAMSUNG PL120,PL121 / VLUU PL120,PL121",1,1,,0,0
OLYMPUS IMAGING CORP. SP310,1,1,,0,0
OLYMPUS IMAGING CORP. E-510           ,1,0,,0,0
NIKON COOLPIX S500,1,0,,0,0
FUJIFILM FinePix L50,1,0,,0,0
HUAWEI MHA-AL00,1,0,,0,0
Canon PowerShot A710 IS,2,19,,0,0
Canon PowerShot ELPH 300HS,1,4,,0,0
EASTMAN KODAK COMPANY KODAK LS443 ZOOM DIGITAL CAMERA,2,1,,0,0
OLYMPUS CORPORATION C755UZ,1,0,,0,0
Unknown DigitalCam Pro,1,0,,0,0
SONY DSC-TX20,1,1,,0,0
Panasonic DMC-ZS3,2,4,,0,0
Adobe Systems Inc. DSLR-A550,1,0,,0,0
minolta Co.,1,0,,0,0
Ltd. DiMAGE E323,1,0,,0,0
MSM6500 SPH-A900,1,1,,0,0
KONICA MINOLTA ALPHA-7 DIGITAL,1,0,,0,0
FUJIFILM FinePix S3400,1,1,,0,0
Lenovo A880,1,0,,0,0
"CASIO COMPUTER CO.,LTD. EX-S5",1,0,,0,0
LG Electronics LG Optimus Elite,1,1,,0,0
SAMSUNG SAMSUNG ES70,2,1,,0,0
ES71 / VLUU ES70,2,1,,0,0
ES71 / SAMSUNG SL600,2,1,,0,0
Canon DIGITAL IXUS i,1,4,,0,0
"CASIO COMPUTER CO.,LTD EX-Z4",1,0,,0,0
Nikon Nikon COOLSCAN V ED,1,4,,0,0
Research In Motion BlackBerry 8130,1,1,,0,0
HUAWEI NEM-L51,1,2,,0,0
FUJIFILM FinePix F900EXR,1,1,,0,0
SONY DSC-WX1,1,4,,0,0
DJI FC350,1,1,,0,0
Polaroid i531,1,1,,0,0
SONY DSC-S730,1,2,,0,0
EASTMAN KODAK COMPANY KODAK DX4900 ZOOM DIGITAL CAMERA,1,0,,0,0
SAMSUNG SAMSUNG ES10 / VLUU ES10,1,0,,0,0
Canon PowerShot SD990 IS,1,3,,0,0
CASIO QV-3000EX,1,0,,0,0
Canon DIGITAL IXUS IIs,1,0,,0,0
FUJIFILM MX-2700,1,1,,0,0
PENTAX Corporation PENTAX Optio E40,1,1,,0,0
Nokia 6110,1,0,,0,0
General Imaging Co. E1030,1,0,,0,0
Canon IXY DIGITAL 70,1,1,,0,0
OLYMPUS IMAGING CORP. StylusTough-3000,1,0,,0,0
Panasonic DMC-GX7MK2,1,3,,0,0
FUJIFILM FinePix S4000,1,10,,0,0
Samsung Electronics SGH-F480,1,0,,0,0
SONY DSC-T700,1,2,,0,0
Hewlett-Packard HP Photosmart R840,1,0,,0,0
OLYMPUS IMAGING CORP.   TG-810          ,1,0,,0,0
NIKON COOLPIX S3000,1,4,,0,0
OLYMPUS CORPORATION E-M1MarkIII,1,6,,0,0
NIKON E2100,3,0,,0,0
SAMSUNG SAMSUNG PL210,1,3,,0,0
PL211 / VLUU PL210,1,3,,0,0
PL211,1,3,,0,0
Panasonic DC-GX800,1,0,,0,0
Hewlett-Packard HP PhotoSmart C850 (V05.27),1,0,,0,0
Canon PowerShot ELPH 500 HS,1,0,,0,0
"SANYO Electric Co.,Ltd. SR66",1,0,,0,0
Xiaomi Redmi 3S,1,2,,0,0
FUJIFILM FinePix Z33WP,1,0,,0,0
SAMSUNG GT-N7000,1,3,,0,0
LGE LM-G850,1,0,,0,0
Samsung Techwin <Digimax D53>,1,0,,0,0
GoPro HERO4 Session,1,1,,0,0
Gopro HD3,1,0,,0,0
Panasonic DMC-FT2,1,0,,0,0
samsung SM-N975U,1,0,,0,0
"OLYMPUS OPTICAL CO.,LTD C3030Z",1,1,,0,0
CAMERA 4MP-9Q3,1,0,,0,0
OLYMPUS IMAGING CORP. STYLUS1,1,2,,0,0
SONY DSC-W230,1,4,,0,0
FUJIFILM FinePix4500,1,0,,0,0
SONY NEX-VG30,1,0,,0,0
Canon EOS R3,1,1,,0,0
KONICA MINOLTA  MAXXUM 5D,1,1,,0,0
Apple iPad 3G,1,0,,0,0
Nokia Nokia Lumia 900,1,0,,0,0
SONY HDR-SR1,1,0,,0,0
SAMSUNG GT-N7105,1,0,,0,0
Nokia E72-1,1,2,,0,0
Canon PowerShot S330,1,2,,0,0
NIKON CORPORATION D2Hs,1,0,,0,0
EASTMAN KODAK COMPANY KODAK EASYSHARE M1033 DIGITAL CAMERA,1,1,,0,0
"OLYMPUS OPTICAL CO.,LTD E100RS",1,0,,0,0
Sony Ericsson C902,1,1,,0,0
"OLYMPUS IMAGING CORP. u750,S750",1,1,,0,0
LGE Nexus 5X,1,3,,0,0
Canon EOS-1D C,1,0,,0,0
SONY HDR-PJ430V,1,0,,0,0
EASTMAN KODAK COMPANY KODAK DX4330 DIGITAL CAMERA,1,2,,0,0
Hasselblad L1D-20c,1,6,,0,0
"CASIO COMPUTER CO.,LTD. EX-G1",1,0,,0,0
Nokia 6120c,1,1,,0,0
CAMERA CE5430,1,0,,0,0
Canon IXUS 180,1,0,,0,0
EASTMAN KODAK COMPANY KODAK C310 DIGITAL CAMERA,2,4,,0,0
Canon EOS D60,1,7,,0,0
HTC Desire HD,1,1,,0,0
EASTMAN KODAK COMPANY KODAK EASYSHARE Z1015 IS DIGITAL CAMERA,1,1,,0,0
PENTAX Corporation PENTAX OptioE20,1,0,,0,0
NIKON COOLPIX S70,1,0,,0,0
SONY DSC-H100,1,1,,0,0
Canon DIGITAL IXUS v3,1,0,,0,0
"CASIO COMPUTER CO.,LTD. EX-Z1080",1,2,,0,0
OPPO R8006,1,0,,0,0
Nokia 3110c,1,0,,0,0
SONY DSC-W200,1,4,,0,0
Canon IXY DIGITAL L4,1,0,,0,0
LTD. Digimax A6,1,0,,0,0
EASTMAN KODAK COMPANY KODAK EASYSHARE C713 ZOOM DIGITAL CAMERA,1,0,,0,0
SAMSUNG SM-G7105L,1,0,,0,0
PENTAX Corporation PENTAX Optio S10,1,0,,0,0
FUJIFILM FinePix F300EXR,1,3,,0,0
FUJIFILM FinePix S3500  ,1,0,,0,0
Panasonic DMC-ZR1,1,1,,0,0
EASTMAN KODAK COMPANY KODAK C330 ZOOM DIGITAL CAMERA,1,1,,0,0
samsung SM-N910W8,1,0,,0,0
PENTAX PENTAX K-m,1,3,,0,0
RICOH RDC-i500,1,0,,0,0
Sony Ericsson K850i,1,4,,0,0
PENTAX Corporation PENTAX Optio M30,1,1,,0,0
FUJIFILM FinePix A350,1,2,,0,0
Hewlett-Packard HP PhotoSmart R607 (V01.00)+,1,0,,0,0
"OLYMPUS IMAGING CORP. VR340,D750",1,1,,0,0
OLYMPUS IMAGING CORP. Canon DIGITAL IXUS 75,1,0,,0,0
FUJIFILM FinePix A360,1,0,,0,0
PENTAX Corporation PENTAX Optio M10,1,0,,0,0
PENTAX PENTAX X-5,1,1,,0,0
"OLYMPUS OPTICAL CO.,LTD u20D,S400D,u400D",1,4,,0,0
Nokia N90-1,1,1,,0,0
"OLYMPUS IMAGING CORP. uT8000,ST8000",1,0,,0,0
SAMSUNG Electronics Anycall SCH-i760,1,0,,0,0
Canon CanoScan LiDE 220,1,0,,0,0
Hewlett-Packard HP Photosmart E427,1,0,,0,0
SAMSUNG SGH-I917,1,0,,0,0
"CASIO COMPUTER CO.,LTD. EX-Z9",1,3,,0,0
"OLYMPUS OPTICAL CO.,LTD E-10",1,0,,0,0
PENTAX Corporation PENTAX *ist DS2,1,0,,0,0
SONY DSC-TX9,1,0,,0,0
FUJIFILM FinePix S1800,1,8,,0,0
PANTECH IM-S610K,1,0,,0,0
Hewlett-Packard HP PhotoSmart C945 (V01.54)d,1,0,,0,0
Panasonic DMC-ZS6,1,0,,0,0
SAMSUNG WB5000/HZ25W,1,0,,0,0
FUJIFILM FinePix F710,1,0,,0,0
motorola moto g(60),1,0,,0,0
NIKON COOLPIX L12,1,2,,0,0
SeaLife DC500,1,0,,0,0
SONY DSC-W85,1,0,,0,0
SAMSUNG GT-S5600,1,0,,0,0
Canon EOS 2000D,1,1,,0,0
Motorola Motorola Electrify,1,0,,0,0
LTD. Samsung L700,1,0,,0,0
LEICA CAMERA AG LEICA X1,1,4,,0,0
Sony Ericsson W810i,1,2,,0,0
"OLYMPUS OPTICAL CO.,LTD u10D,S300D,u300D",1,2,,0,0
Panasonic DMC-LS2,1,1,,0,0
Canon PowerShot A1000 IS,1,8,,0,0
FUJIFILM FinePix A800,1,1,,0,0
HITACHI HDC-856E,1,0,,0,0
GENERAL IMAGING CO. X500,1,0,,0,0
Canon 7D Canon EOS 7D,1,0,,0,0
NIKON COOLPIX S3,1,1,,0,0
Research In Motion BlackBerry 8520,1,1,,0,0
HTC HTC Desire,1,0,,0,0
OLYMPUS IMAGING CORP. StylusTough-8010,1,1,,0,0
HTC HTC Wildfire,1,0,,0,0
NIKON COOLPIX P90  ,1,5,,0,0
Nokia 5310 XpressMusic,1,0,,0,0
FUJIFILM FinePix Z85/Walmart,1,0,,0,0
LTD. Samsung S1070 / KENOX S1070,1,0,,0,0
EASTMAN KODAK COMPANY KODAK EASYSHARE CX7300 DIGITAL CAMERA,1,3,,0,0
EASTMAN KODAK COMPANY KODAK EASYSHARE M763 DIGITAL CAMERA,1,2,,0,0
NIKON COOLPIX P4,1,2,,0,0
Canon PowerShot SD110,1,3,,0,0
Canon PowerShot A3100 IS,1,6,,0,0
NIKON                   COOLPIX S8   ,1,0,,0,0
Panasonic DMC-GM1S,1,0,,0,0
OLYMPUS IMAGING CORP. E-PL1s,1,0,,0,0
EASTMAN KODAK COMPANY KODAK DC3200 DIGITAL CAMERA,1,0,,0,0
,0,0,,0,0
,0,0,,0,0
,0,0,,0,0
,0,0,,0,0
,0,0,,0,0
,0,0,,0,0
,0,0,,0,0
,0,0,,0,0
,0,0,,0,0
,0,0,,0,0
,0,0,,0,0
,0,0,,0,0
,0,0,,0,0
,0,0,,0,0
,0,0,,0,0
,0,0,,0,0
,0,0,,0,0
,0,0,,0,0
,0,0,,0,0
,0,0,,0,0
,0,0,,0,0
,0,0,,0,0
,0,0,,0,0
,0,0,,0,0
,0,0,,0,0
,0,0,,0,0
,0,0,,0,0
,0,0,,0,0
,0,0,,0,0
,0,0,,0,0
,0,0,,0,0
,0,0,,0,0
,0,0,,0,0
,0,0,,0,0
,0,0,,0,0
,0,0,,0,0
,0,0,,0,0
,0,0,,0,0
,0,0,,0,0
,0,0,,0,0
,0,0,,0,0
,0,0,,0,0
,0,0,,0,0
,0,0,,0,0
,0,0,,0,0
,0,0,,0,0
,0,0,,0,0
,0,0,,0,0
,0,0,,0,0
,0,0,,0,0
,0,0,,0,0
,0,0,,0,0
,0,0,,0,0
,0,0,,0,0
,0,0,,0,0
,0,0,,0,0
,0,0,,0,0
,0,0,,0,0
,0,0,,0,0
,0,0,,0,0
,0,0,,0,0
,0,0,,0,0
,0,0,,0,0
,0,0,,0,0
,0,0,,0,0
,0,0,,0,0
,0,0,,0,0
,0,0,,0,0
,0,0,,0,0
,0,0,,0,0
,0,0,,0,0
,0,0,,0,0
,0,0,,0,0
,0,0,,0,0
,0,0,,0,0
,0,0,,0,0
,0,0,,0,0
,0,0,,0,0
,0,0,,0,0
,0,0,,0,0
,0,0,,0,0
,0,0,,0,0
,0,0,,0,0
,0,0,,0,0
,0,0,,0,0
,0,0,,0,0
,0,0,,0,0
,0,0,,0,0
,0,0,,0,0
,0,0,,0,0
,0,0,,0,0
,0,0,,0,0
,0,0,,0,0
,0,0,,0,0
,0,0,,0,0
,0,0,,0,0
,0,0,,0,0
,0,0,,0,0
,0,0,,0,0
,0,0,,0,0
,0,0,,0,0
,0,0,,0,0
,0,0,,0,0
,0,0,,0,0
,0,0,,0,0
,0,0,,0,0
,0,0,,0,0
,0,0,,0,0
,0,0,,0,0
,0,0,,0,0
,0,0,,0,0
,0,0,,0,0
,0,0,,0,0
,0,0,,0,0
,0,0,,0,0
,0,0,,0,0
,0,0,,0,0
,0,0,,0,0
,0,0,,0,0
,0,0,,0,0
,0,0,,0,0
,0,0,,0,0
,0,0,,0,0
,0,0,,0,0
,0,0,,0,0
,0,0,,0,0
,0,0,,0,0
,0,0,,0,0
,0,0,,0,0
,0,0,,0,0
,0,0,,0,0
,0,0,,0,0
,0,0,,0,0
,0,0,,0,0
,0,0,,0,0
,0,0,,0,0
,0,0,,0,0
,0,0,,0,0
,0,0,,0,0
,0,0,,0,0
,0,0,,0,0
,0,0,,0,0
,0,0,,0,0
,0,0,,0,0
,0,0,,0,0
,0,0,,0,0
,0,0,,0,0
,0,0,,0,0
,0,0,,0,0
,0,0,,0,0
,0,0,,0,0
,0,0,,0,0
,0,0,,0,0
,0,0,,0,0
,0,0,,0,0
,0,0,,0,0
,0,0,,0,0
,0,0,,0,0
,0,0,,0,0
,0,0,,0,0
,0,0,,0,0
,0,0,,0,0
,0,0,,0,0
,0,0,,0,0
,0,0,,0,0
,0,0,,0,0
,0,0,,0,0
,0,0,,0,0
,0,0,,0,0
,0,0,,0,0
,0,0,,0,0
,0,0,,0,0
,0,0,,0,0
,0,0,,0,0
,0,0,,0,0
,0,0,,0,0
,0,0,,0,0
,0,0,,0,0
,0,0,,0,0
,0,0,,0,0
,0,0,,0,0
,0,0,,0,0
,0,0,,0,0
,0,0,,0,0
,0,0,,0,0
,0,0,,0,0
,0,0,,0,0
,0,0,,0,0
,0,0,,0,0
,0,0,,0,0
,0,0,,0,0
,0,0,,0,0
,0,0,,0,0
,0,0,,0,0
,0,0,,0,0
,0,0,,0,0
,0,0,,0,0
,0,0,,0,0
,0,0,,0,0
,0,0,,0,0
,0,0,,0,0
,0,0,,0,0
,0,0,,0,0
,0,0,,0,0
,0,0,,0,0
,0,0,,0,0
,0,0,,0,0
,0,0,,0,0
,0,0,,0,0
,0,0,,0,0
,0,0,,0,0
,0,0,,0,0
,0,0,,0,0
,0,0,,0,0
,0,0,,0,0
,0,0,,0,0
,0,0,,0,0
,0,0,,0,0
,0,0,,0,0
,0,0,,0,0
,0,0,,0,0
,0,0,,0,0
,0,0,,0,0
,0,0,,0,0
,0,0,,0,0
,0,0,,0,0
,0,0,,0,0
,0,0,,0,0
,0,0,,0,0
,0,0,,0,0
,0,0,,0,0
,0,0,,0,0
,0,0,,0,0
,0,0,,0,0
,0,0,,0,0
,0,0,,0,0
,0,0,,0,0
,0,0,,0,0
,0,0,,0,0
,0,0,,0,0
,0,0,,0,0
,0,0,,0,0
,0,0,,0,0
,0,0,,0,0
,0,0,,0,0
,0,0,,0,0
,0,0,,0,0
,0,0,,0,0
,0,0,,0,0
,0,0,,0,0
,0,0,,0,0
,0,0,,0,0
,0,0,,0,0
,0,0,,0,0
,0,0,,0,0
,0,0,,0,0
,0,0,,0,0
,0,0,,0,0
,0,0,,0,0
,0,0,,0,0
,0,0,,0,0
,0,0,,0,0
,0,0,,0,0
,0,0,,0,0
,0,0,,0,0
,0,0,,0,0
,0,0,,0,0
,0,0,,0,0
,0,0,,0,0
,0,0,,0,0
,0,0,,0,0
,0,0,,0,0
,0,0,,0,0
,0,0,,0,0
,0,0,,0,0
,0,0,,0,0
,0,0,,0,0
,0,0,,0,0
,0,0,,0,0
,0,0,,0,0
,0,0,,0,0
,0,0,,0,0
,0,0,,0,0
,0,0,,0,0
,0,0,,0,0
,0,0,,0,0
,0,0,,0,0
,0,0,,0,0
,0,0,,0,0
,0,0,,0,0
,0,0,,0,0
,0,0,,0,0
,0,0,,0,0
,0,0,,0,0
,0,0,,0,0
,0,0,,0,0
,0,0,,0,0
,0,0,,0,0
,0,0,,0,0
,0,0,,0,0
,0,0,,0,0
,0,0,,0,0
,0,0,,0,0
,0,0,,0,0
,0,0,,0,0
,0,0,,0,0
,0,0,,0,0
,0,0,,0,0
,0,0,,0,0
,0,0,,0,0
,0,0,,0,0
,0,0,,0,0
,0,0,,0,0
,0,0,,0,0
,0,0,,0,0
,0,0,,0,0
,0,0,,0,0
,0,0,,0,0
,0,0,,0,0
,0,0,,0,0
,0,0,,0,0
,0,0,,0,0
,0,0,,0,0
,0,0,,0,0
,0,0,,0,0
,0,0,,0,0
,0,0,,0,0
,0,0,,0,0
,0,0,,0,0
,0,0,,0,0
,0,0,,0,0
,0,0,,0,0
,0,0,,0,0
,0,0,,0,0
,0,0,,0,0
,0,0,,0,0
,0,0,,0,0
,0,0,,0,0
,0,0,,0,0
,0,0,,0,0
,0,0,,0,0
,0,0,,0,0
,0,0,,0,0
,0,0,,0,0
,0,0,,0,0
,0,0,,0,0
,0,0,,0,0
,0,0,,0,0
,0,0,,0,0
,0,0,,0,0
,0,0,,0,0
,0,0,,0,0
,0,0,,0,0
,0,0,,0,0
,0,0,,0,0
,0,0,,0,0
,0,0,,0,0
,0,0,,0,0
,0,0,,0,0
,0,0,,0,0
,0,0,,0,0
,0,0,,0,0
,0,0,,0,0
,0,0,,0,0
,0,0,,0,0
,0,0,,0,0
,0,0,,0,0
,0,0,,0,0
,0,0,,0,0
,0,0,,0,0
,0,0,,0,0
,0,0,,0,0
,0,0,,0,0
,0,0,,0,0
,0,0,,0,0
,0,0,,0,0
,0,0,,0,0
,0,0,,0,0
,0,0,,0,0
,0,0,,0,0
,0,0,,0,0
,0,0,,0,0
,0,0,,0,0
,0,0,,0,0
,0,0,,0,0
,0,0,,0,0
,0,0,,0,0
,0,0,,0,0
,0,0,,0,0
,0,0,,0,0
,0,0,,0,0
,0,0,,0,0
,0,0,,0,0
,0,0,,0,0
,0,0,,0,0
,0,0,,0,0
,0,0,,0,0
,0,0,,0,0
,0,0,,0,0
,0,0,,0,0
,0,0,,0,0
,0,0,,0,0
,0,0,,0,0
,0,0,,0,0
,0,0,,0,0
,0,0,,0,0
,0,0,,0,0
,0,0,,0,0
,0,0,,0,0
,0,0,,0,0
,0,0,,0,0
,0,0,,0,0
,0,0,,0,0
,0,0,,0,0
,0,0,,0,0
,0,0,,0,0
,0,0,,0,0
,0,0,,0,0
,0,0,,0,0
,0,0,,0,0
,0,0,,0,0
,0,0,,0,0
,0,0,,0,0
,0,0,,0,0
,0,0,,0,0
,0,0,,0,0
,0,0,,0,0
,0,0,,0,0
,0,0,,0,0
,0,0,,0,0
,0,0,,0,0
,0,0,,0,0
,0,0,,0,0
,0,0,,0,0
,0,0,,0,0
,0,0,,0,0
,0,0,,0,0
,0,0,,0,0
,0,0,,0,0
,0,0,,0,0
,0,0,,0,0
,0,0,,0,0
,0,0,,0,0
,0,0,,0,0
,0,0,,0,0
,0,0,,0,0
,0,0,,0,0
,0,0,,0,0
,0,0,,0,0
,0,0,,0,0
,0,0,,0,0
,0,0,,0,0
,0,0,,0,0
,0,0,,0,0
,0,0,,0,0
,0,0,,0,0
,0,0,,0,0
,0,0,,0,0
,0,0,,0,0
,0,0,,0,0
,0,0,,0,0
,0,0,,0,0
,0,0,,0,0
,0,0,,0,0
,0,0,,0,0
,0,0,,0,0
,0,0,,0,0
,0,0,,0,0
,0,0,,0,0
,0,0,,0,0
,0,0,,0,0
,0,0,,0,0
,0,0,,0,0
,0,0,,0,0
,0,0,,0,0
,0,0,,0,0
,0,0,,0,0
,0,0,,0,0
,0,0,,0,0
,0,0,,0,0
,0,0,,0,0
,0,0,,0,0
,0,0,,0,0
,0,0,,0,0
,0,0,,0,0
,0,0,,0,0
,0,0,,0,0
,0,0,,0,0
,0,0,,0,0
,0,0,,0,0
,0,0,,0,0
,0,0,,0,0
,0,0,,0,0
,0,0,,0,0
,0,0,,0,0
,0,0,,0,0
,0,0,,0,0
,0,0,,0,0
,0,0,,0,0
,0,0,,0,0
,0,0,,0,0
,0,0,,0,0
,0,0,,0,0
,0,0,,0,0
,0,0,,0,0
,0,0,,0,0
,0,0,,0,0
,0,0,,0,0
,0,0,,0,0
,0,0,,0,0
,0,0,,0,0
,0,0,,0,0
,0,0,,0,0
,0,0,,0,0
,0,0,,0,0
,0,0,,0,0
,0,0,,0,0
,0,0,,0,0
,0,0,,0,0
,0,0,,0,0
,0,0,,0,0
,0,0,,0,0
,0,0,,0,0
,0,0,,0,0
,0,0,,0,0
,0,0,,0,0
,0,0,,0,0
,0,0,,0,0
,0,0,,0,0
,0,0,,0,0
,0,0,,0,0
,0,0,,0,0
,0,0,,0,0
,0,0,,0,0
,0,0,,0,0
,0,0,,0,0
,0,0,,0,0
,0,0,,0,0
,0,0,,0,0
,0,0,,0,0
,0,0,,0,0
,0,0,,0,0
,0,0,,0,0
,0,0,,0,0
,0,0,,0,0
,0,0,,0,0
,0,0,,0,0
,0,0,,0,0
,0,0,,0,0
,0,0,,0,0
,0,0,,0,0
,0,0,,0,0
,0,0,,0,0
,0,0,,0,0
,0,0,,0,0
,0,0,,0,0
,0,0,,0,0
,0,0,,0,0
,0,0,,0,0
